celltype,label,predict
CD34+1,CD34+,
CD34+2,CD34+,
CD34+3,CD34+,
CD34+4,CD34+,
CD34+5,CD34+,
CD34+6,CD34+,
CD34+7,CD34+,
CD34+8,CD34+,
CD34+9,CD34+,
CD34+10,CD34+,
...11,CD34+,
...12,CD34+,
...13,CD34+,
...14,CD34+,
...15,CD34+,
...16,CD34+,
...17,CD34+,
...18,CD34+,
...19,CD34+,
...20,CD34+,
...21,CD34+,
...22,CD34+,
...23,CD34+,
...24,CD34+,
...25,CD34+,
...26,CD34+,
...27,CD34+,
...28,CD34+,
...29,CD34+,
...30,CD34+,
...31,CD34+,
...32,CD34+,
...33,CD34+,
...34,CD34+,
...35,CD34+,
...36,CD34+,
...37,CD34+,
...38,CD34+,
...39,CD34+,
...40,CD34+,
...41,CD34+,
...42,CD34+,
...43,CD34+,
...44,CD34+,
...45,CD34+,
...46,CD34+,
...47,CD34+,
...48,CD34+,
...49,CD34+,
...50,CD34+,
...51,CD34+,
...52,CD34+,
...53,CD34+,
...54,CD34+,
...55,CD34+,
...56,CD34+,
...57,CD34+,
...58,CD34+,
...59,CD34+,
...60,CD34+,
...61,CD34+,
...62,CD34+,
...63,CD34+,
...64,CD34+,
...65,CD34+,
...66,CD34+,
...67,CD34+,
...68,CD34+,
...69,CD34+,
...70,CD34+,
...71,CD34+,
...72,CD34+,
...73,CD34+,
...74,CD34+,
...75,CD34+,
...76,CD34+,
...77,CD34+,
...78,CD34+,
...79,CD34+,
...80,CD34+,
...81,CD34+,
...82,CD34+,
...83,CD34+,
...84,CD34+,
...85,CD34+,
...86,CD34+,
...87,CD34+,
...88,CD34+,
...89,CD34+,
...90,CD34+,
...91,CD34+,
...92,CD34+,
...93,CD34+,
...94,CD34+,
...95,CD34+,
...96,CD34+,
...97,CD34+,
...98,CD34+,
...99,CD34+,
...100,CD34+,
...101,CD34+,
...102,CD34+,
...103,CD34+,
...104,CD34+,
...105,CD34+,
...106,CD34+,
...107,CD34+,
...108,CD34+,
...109,CD34+,
...110,CD34+,
...111,CD34+,
...112,CD34+,
...113,CD34+,
...114,CD34+,
...115,CD34+,
...116,CD34+,
...117,CD34+,
...118,CD34+,
...119,CD34+,
...120,CD34+,
...121,CD34+,
...122,CD34+,
...123,CD34+,
...124,CD34+,
...125,CD34+,
...126,CD34+,
...127,CD34+,
...128,CD34+,
...129,CD34+,
...130,CD34+,
...131,CD34+,
...132,CD34+,
...133,CD34+,
...134,CD34+,
...135,CD34+,
...136,CD34+,
...137,CD34+,
...138,CD34+,
...139,CD34+,
...140,CD34+,
...141,CD34+,
...142,CD34+,
...143,CD34+,
...144,CD34+,
...145,CD34+,
...146,CD34+,
...147,CD34+,
...148,CD34+,
...149,CD34+,
...150,CD34+,
...151,CD34+,
...152,CD34+,
...153,CD34+,
...154,CD34+,
...155,CD34+,
...156,CD34+,
...157,CD34+,
...158,CD34+,
...159,CD34+,
...160,CD34+,
...161,CD34+,
...162,CD34+,
...163,CD34+,
...164,CD34+,
...165,CD34+,
...166,CD34+,
...167,CD34+,
...168,CD34+,
...169,CD34+,
...170,CD34+,
...171,CD34+,
...172,CD34+,
...173,CD34+,
...174,CD34+,
...175,CD34+,
...176,CD34+,
...177,CD34+,
...178,CD34+,
...179,CD34+,
...180,CD34+,
...181,CD34+,
...182,CD34+,
...183,CD34+,
...184,CD34+,
...185,CD34+,
...186,CD34+,
...187,CD34+,
...188,CD34+,
...189,CD34+,
...190,CD34+,
...191,CD34+,
...192,CD34+,
...193,CD34+,
...194,CD34+,
...195,CD34+,
...196,CD34+,
...197,CD34+,
...198,CD34+,
...199,CD34+,
...200,CD34+,
...201,CD34+,
...202,CD34+,
...203,CD34+,
...204,CD34+,
...205,CD34+,
...206,CD34+,
...207,CD34+,
...208,CD34+,
...209,CD34+,
...210,CD34+,
...211,CD34+,
...212,CD34+,
...213,CD34+,
...214,CD34+,
...215,CD34+,
...216,CD34+,
...217,CD34+,
...218,CD34+,
...219,CD34+,
...220,CD34+,
...221,CD34+,
...222,CD34+,
...223,CD34+,
...224,CD34+,
...225,CD34+,
...226,CD34+,
...227,CD34+,
...228,CD34+,
...229,CD34+,
...230,CD34+,
...231,CD34+,
...232,CD34+,
...233,CD34+,
...234,CD34+,
...235,CD34+,
...236,CD34+,
...237,CD34+,
...238,CD34+,
...239,CD34+,
...240,CD34+,
...241,CD34+,
...242,CD34+,
...243,CD34+,
...244,CD34+,
...245,CD34+,
...246,CD34+,
...247,CD34+,
...248,CD34+,
...249,CD34+,
...250,CD34+,
...251,CD34+,
...252,CD34+,
...253,CD34+,
...254,CD34+,
...255,CD34+,
...256,CD34+,
...257,CD34+,
...258,CD34+,
...259,CD34+,
...260,CD34+,
...261,CD34+,
...262,CD34+,
...263,CD34+,
...264,CD34+,
...265,CD34+,
...266,CD34+,
...267,CD34+,
...268,CD34+,
...269,CD34+,
...270,CD34+,
...271,CD34+,
...272,CD34+,
...273,CD34+,
...274,CD34+,
...275,CD34+,
...276,CD34+,
...277,CD34+,
...278,CD34+,
...279,CD34+,
...280,CD34+,
...281,CD34+,
...282,CD34+,
...283,CD34+,
...284,CD34+,
...285,CD34+,
...286,CD34+,
...287,CD34+,
...288,CD34+,
...289,CD34+,
...290,CD34+,
...291,CD34+,
...292,CD34+,
...293,CD34+,
...294,CD34+,
...295,CD34+,
...296,CD34+,
...297,CD34+,
...298,CD34+,
...299,CD34+,
...300,CD34+,
CD56+ Natural Killer Cells1,CD56+ Natural Killer Cells,
CD56+ Natural Killer Cells2,CD56+ Natural Killer Cells,
CD56+ Natural Killer Cells3,CD56+ Natural Killer Cells,
CD56+ Natural Killer Cells4,CD56+ Natural Killer Cells,
CD56+ Natural Killer Cells5,CD56+ Natural Killer Cells,
CD56+ Natural Killer Cells6,CD56+ Natural Killer Cells,
CD56+ Natural Killer Cells7,CD56+ Natural Killer Cells,
CD56+ Natural Killer Cells8,CD56+ Natural Killer Cells,
CD56+ Natural Killer Cells9,CD56+ Natural Killer Cells,
CD56+ Natural Killer Cells10,CD56+ Natural Killer Cells,
...311,CD56+ Natural Killer Cells,
...312,CD56+ Natural Killer Cells,
...313,CD56+ Natural Killer Cells,
...314,CD56+ Natural Killer Cells,
...315,CD56+ Natural Killer Cells,
...316,CD56+ Natural Killer Cells,
...317,CD56+ Natural Killer Cells,
...318,CD56+ Natural Killer Cells,
...319,CD56+ Natural Killer Cells,
...320,CD56+ Natural Killer Cells,
...321,CD56+ Natural Killer Cells,
...322,CD56+ Natural Killer Cells,
...323,CD56+ Natural Killer Cells,
...324,CD56+ Natural Killer Cells,
...325,CD56+ Natural Killer Cells,
...326,CD56+ Natural Killer Cells,
...327,CD56+ Natural Killer Cells,
...328,CD56+ Natural Killer Cells,
...329,CD56+ Natural Killer Cells,
...330,CD56+ Natural Killer Cells,
...331,CD56+ Natural Killer Cells,
...332,CD56+ Natural Killer Cells,
...333,CD56+ Natural Killer Cells,
...334,CD56+ Natural Killer Cells,
...335,CD56+ Natural Killer Cells,
...336,CD56+ Natural Killer Cells,
...337,CD56+ Natural Killer Cells,
...338,CD56+ Natural Killer Cells,
...339,CD56+ Natural Killer Cells,
...340,CD56+ Natural Killer Cells,
...341,CD56+ Natural Killer Cells,
...342,CD56+ Natural Killer Cells,
...343,CD56+ Natural Killer Cells,
...344,CD56+ Natural Killer Cells,
...345,CD56+ Natural Killer Cells,
...346,CD56+ Natural Killer Cells,
...347,CD56+ Natural Killer Cells,
...348,CD56+ Natural Killer Cells,
...349,CD56+ Natural Killer Cells,
...350,CD56+ Natural Killer Cells,
...351,CD56+ Natural Killer Cells,
...352,CD56+ Natural Killer Cells,
...353,CD56+ Natural Killer Cells,
...354,CD56+ Natural Killer Cells,
...355,CD56+ Natural Killer Cells,
...356,CD56+ Natural Killer Cells,
...357,CD56+ Natural Killer Cells,
...358,CD56+ Natural Killer Cells,
...359,CD56+ Natural Killer Cells,
...360,CD56+ Natural Killer Cells,
...361,CD56+ Natural Killer Cells,
...362,CD56+ Natural Killer Cells,
...363,CD56+ Natural Killer Cells,
...364,CD56+ Natural Killer Cells,
...365,CD56+ Natural Killer Cells,
...366,CD56+ Natural Killer Cells,
...367,CD56+ Natural Killer Cells,
...368,CD56+ Natural Killer Cells,
...369,CD56+ Natural Killer Cells,
...370,CD56+ Natural Killer Cells,
...371,CD56+ Natural Killer Cells,
...372,CD56+ Natural Killer Cells,
...373,CD56+ Natural Killer Cells,
...374,CD56+ Natural Killer Cells,
...375,CD56+ Natural Killer Cells,
...376,CD56+ Natural Killer Cells,
...377,CD56+ Natural Killer Cells,
...378,CD56+ Natural Killer Cells,
...379,CD56+ Natural Killer Cells,
...380,CD56+ Natural Killer Cells,
...381,CD56+ Natural Killer Cells,
...382,CD56+ Natural Killer Cells,
...383,CD56+ Natural Killer Cells,
...384,CD56+ Natural Killer Cells,
...385,CD56+ Natural Killer Cells,
...386,CD56+ Natural Killer Cells,
...387,CD56+ Natural Killer Cells,
...388,CD56+ Natural Killer Cells,
...389,CD56+ Natural Killer Cells,
...390,CD56+ Natural Killer Cells,
...391,CD56+ Natural Killer Cells,
...392,CD56+ Natural Killer Cells,
...393,CD56+ Natural Killer Cells,
...394,CD56+ Natural Killer Cells,
...395,CD56+ Natural Killer Cells,
...396,CD56+ Natural Killer Cells,
...397,CD56+ Natural Killer Cells,
...398,CD56+ Natural Killer Cells,
...399,CD56+ Natural Killer Cells,
...400,CD56+ Natural Killer Cells,
...401,CD56+ Natural Killer Cells,
...402,CD56+ Natural Killer Cells,
...403,CD56+ Natural Killer Cells,
...404,CD56+ Natural Killer Cells,
...405,CD56+ Natural Killer Cells,
...406,CD56+ Natural Killer Cells,
...407,CD56+ Natural Killer Cells,
...408,CD56+ Natural Killer Cells,
...409,CD56+ Natural Killer Cells,
...410,CD56+ Natural Killer Cells,
...411,CD56+ Natural Killer Cells,
...412,CD56+ Natural Killer Cells,
...413,CD56+ Natural Killer Cells,
...414,CD56+ Natural Killer Cells,
...415,CD56+ Natural Killer Cells,
...416,CD56+ Natural Killer Cells,
...417,CD56+ Natural Killer Cells,
...418,CD56+ Natural Killer Cells,
...419,CD56+ Natural Killer Cells,
...420,CD56+ Natural Killer Cells,
...421,CD56+ Natural Killer Cells,
...422,CD56+ Natural Killer Cells,
...423,CD56+ Natural Killer Cells,
...424,CD56+ Natural Killer Cells,
...425,CD56+ Natural Killer Cells,
...426,CD56+ Natural Killer Cells,
...427,CD56+ Natural Killer Cells,
...428,CD56+ Natural Killer Cells,
...429,CD56+ Natural Killer Cells,
...430,CD56+ Natural Killer Cells,
...431,CD56+ Natural Killer Cells,
...432,CD56+ Natural Killer Cells,
...433,CD56+ Natural Killer Cells,
...434,CD56+ Natural Killer Cells,
...435,CD56+ Natural Killer Cells,
...436,CD56+ Natural Killer Cells,
...437,CD56+ Natural Killer Cells,
...438,CD56+ Natural Killer Cells,
...439,CD56+ Natural Killer Cells,
...440,CD56+ Natural Killer Cells,
...441,CD56+ Natural Killer Cells,
...442,CD56+ Natural Killer Cells,
...443,CD56+ Natural Killer Cells,
...444,CD56+ Natural Killer Cells,
...445,CD56+ Natural Killer Cells,
...446,CD56+ Natural Killer Cells,
...447,CD56+ Natural Killer Cells,
...448,CD56+ Natural Killer Cells,
...449,CD56+ Natural Killer Cells,
...450,CD56+ Natural Killer Cells,
...451,CD56+ Natural Killer Cells,
...452,CD56+ Natural Killer Cells,
...453,CD56+ Natural Killer Cells,
...454,CD56+ Natural Killer Cells,
...455,CD56+ Natural Killer Cells,
...456,CD56+ Natural Killer Cells,
...457,CD56+ Natural Killer Cells,
...458,CD56+ Natural Killer Cells,
...459,CD56+ Natural Killer Cells,
...460,CD56+ Natural Killer Cells,
...461,CD56+ Natural Killer Cells,
...462,CD56+ Natural Killer Cells,
...463,CD56+ Natural Killer Cells,
...464,CD56+ Natural Killer Cells,
...465,CD56+ Natural Killer Cells,
...466,CD56+ Natural Killer Cells,
...467,CD56+ Natural Killer Cells,
...468,CD56+ Natural Killer Cells,
...469,CD56+ Natural Killer Cells,
...470,CD56+ Natural Killer Cells,
...471,CD56+ Natural Killer Cells,
...472,CD56+ Natural Killer Cells,
...473,CD56+ Natural Killer Cells,
...474,CD56+ Natural Killer Cells,
...475,CD56+ Natural Killer Cells,
...476,CD56+ Natural Killer Cells,
...477,CD56+ Natural Killer Cells,
...478,CD56+ Natural Killer Cells,
...479,CD56+ Natural Killer Cells,
...480,CD56+ Natural Killer Cells,
...481,CD56+ Natural Killer Cells,
...482,CD56+ Natural Killer Cells,
...483,CD56+ Natural Killer Cells,
...484,CD56+ Natural Killer Cells,
...485,CD56+ Natural Killer Cells,
...486,CD56+ Natural Killer Cells,
...487,CD56+ Natural Killer Cells,
...488,CD56+ Natural Killer Cells,
...489,CD56+ Natural Killer Cells,
...490,CD56+ Natural Killer Cells,
...491,CD56+ Natural Killer Cells,
...492,CD56+ Natural Killer Cells,
...493,CD56+ Natural Killer Cells,
...494,CD56+ Natural Killer Cells,
...495,CD56+ Natural Killer Cells,
...496,CD56+ Natural Killer Cells,
...497,CD56+ Natural Killer Cells,
...498,CD56+ Natural Killer Cells,
...499,CD56+ Natural Killer Cells,
...500,CD56+ Natural Killer Cells,
...501,CD56+ Natural Killer Cells,
...502,CD56+ Natural Killer Cells,
...503,CD56+ Natural Killer Cells,
...504,CD56+ Natural Killer Cells,
...505,CD56+ Natural Killer Cells,
...506,CD56+ Natural Killer Cells,
...507,CD56+ Natural Killer Cells,
...508,CD56+ Natural Killer Cells,
...509,CD56+ Natural Killer Cells,
...510,CD56+ Natural Killer Cells,
...511,CD56+ Natural Killer Cells,
...512,CD56+ Natural Killer Cells,
...513,CD56+ Natural Killer Cells,
...514,CD56+ Natural Killer Cells,
...515,CD56+ Natural Killer Cells,
...516,CD56+ Natural Killer Cells,
...517,CD56+ Natural Killer Cells,
...518,CD56+ Natural Killer Cells,
...519,CD56+ Natural Killer Cells,
...520,CD56+ Natural Killer Cells,
...521,CD56+ Natural Killer Cells,
...522,CD56+ Natural Killer Cells,
...523,CD56+ Natural Killer Cells,
...524,CD56+ Natural Killer Cells,
...525,CD56+ Natural Killer Cells,
...526,CD56+ Natural Killer Cells,
...527,CD56+ Natural Killer Cells,
...528,CD56+ Natural Killer Cells,
...529,CD56+ Natural Killer Cells,
...530,CD56+ Natural Killer Cells,
...531,CD56+ Natural Killer Cells,
...532,CD56+ Natural Killer Cells,
...533,CD56+ Natural Killer Cells,
...534,CD56+ Natural Killer Cells,
...535,CD56+ Natural Killer Cells,
...536,CD56+ Natural Killer Cells,
...537,CD56+ Natural Killer Cells,
...538,CD56+ Natural Killer Cells,
...539,CD56+ Natural Killer Cells,
...540,CD56+ Natural Killer Cells,
...541,CD56+ Natural Killer Cells,
...542,CD56+ Natural Killer Cells,
...543,CD56+ Natural Killer Cells,
...544,CD56+ Natural Killer Cells,
...545,CD56+ Natural Killer Cells,
...546,CD56+ Natural Killer Cells,
...547,CD56+ Natural Killer Cells,
...548,CD56+ Natural Killer Cells,
...549,CD56+ Natural Killer Cells,
...550,CD56+ Natural Killer Cells,
...551,CD56+ Natural Killer Cells,
...552,CD56+ Natural Killer Cells,
...553,CD56+ Natural Killer Cells,
...554,CD56+ Natural Killer Cells,
...555,CD56+ Natural Killer Cells,
...556,CD56+ Natural Killer Cells,
...557,CD56+ Natural Killer Cells,
...558,CD56+ Natural Killer Cells,
...559,CD56+ Natural Killer Cells,
...560,CD56+ Natural Killer Cells,
...561,CD56+ Natural Killer Cells,
...562,CD56+ Natural Killer Cells,
...563,CD56+ Natural Killer Cells,
...564,CD56+ Natural Killer Cells,
...565,CD56+ Natural Killer Cells,
...566,CD56+ Natural Killer Cells,
...567,CD56+ Natural Killer Cells,
...568,CD56+ Natural Killer Cells,
...569,CD56+ Natural Killer Cells,
...570,CD56+ Natural Killer Cells,
...571,CD56+ Natural Killer Cells,
...572,CD56+ Natural Killer Cells,
...573,CD56+ Natural Killer Cells,
...574,CD56+ Natural Killer Cells,
...575,CD56+ Natural Killer Cells,
...576,CD56+ Natural Killer Cells,
...577,CD56+ Natural Killer Cells,
...578,CD56+ Natural Killer Cells,
...579,CD56+ Natural Killer Cells,
...580,CD56+ Natural Killer Cells,
...581,CD56+ Natural Killer Cells,
...582,CD56+ Natural Killer Cells,
...583,CD56+ Natural Killer Cells,
...584,CD56+ Natural Killer Cells,
...585,CD56+ Natural Killer Cells,
...586,CD56+ Natural Killer Cells,
...587,CD56+ Natural Killer Cells,
...588,CD56+ Natural Killer Cells,
...589,CD56+ Natural Killer Cells,
...590,CD56+ Natural Killer Cells,
...591,CD56+ Natural Killer Cells,
...592,CD56+ Natural Killer Cells,
...593,CD56+ Natural Killer Cells,
...594,CD56+ Natural Killer Cells,
...595,CD56+ Natural Killer Cells,
...596,CD56+ Natural Killer Cells,
...597,CD56+ Natural Killer Cells,
...598,CD56+ Natural Killer Cells,
...599,CD56+ Natural Killer Cells,
...600,CD56+ Natural Killer Cells,
CD4+/CD45RA+/CD25- Native T cells1,CD4+/CD45RA+/CD25- Native T cells,
CD4+/CD45RA+/CD25- Native T cells2,CD4+/CD45RA+/CD25- Native T cells,
CD4+/CD45RA+/CD25- Native T cells3,CD4+/CD45RA+/CD25- Native T cells,
CD4+/CD45RA+/CD25- Native T cells4,CD4+/CD45RA+/CD25- Native T cells,
CD4+/CD45RA+/CD25- Native T cells5,CD4+/CD45RA+/CD25- Native T cells,
CD4+/CD45RA+/CD25- Native T cells6,CD4+/CD45RA+/CD25- Native T cells,
CD4+/CD45RA+/CD25- Native T cells7,CD4+/CD45RA+/CD25- Native T cells,
CD4+/CD45RA+/CD25- Native T cells8,CD4+/CD45RA+/CD25- Native T cells,
CD4+/CD45RA+/CD25- Native T cells9,CD4+/CD45RA+/CD25- Native T cells,
CD4+/CD45RA+/CD25- Native T cells10,CD4+/CD45RA+/CD25- Native T cells,
...611,CD4+/CD45RA+/CD25- Native T cells,
...612,CD4+/CD45RA+/CD25- Native T cells,
...613,CD4+/CD45RA+/CD25- Native T cells,
...614,CD4+/CD45RA+/CD25- Native T cells,
...615,CD4+/CD45RA+/CD25- Native T cells,
...616,CD4+/CD45RA+/CD25- Native T cells,
...617,CD4+/CD45RA+/CD25- Native T cells,
...618,CD4+/CD45RA+/CD25- Native T cells,
...619,CD4+/CD45RA+/CD25- Native T cells,
...620,CD4+/CD45RA+/CD25- Native T cells,
...621,CD4+/CD45RA+/CD25- Native T cells,
...622,CD4+/CD45RA+/CD25- Native T cells,
...623,CD4+/CD45RA+/CD25- Native T cells,
...624,CD4+/CD45RA+/CD25- Native T cells,
...625,CD4+/CD45RA+/CD25- Native T cells,
...626,CD4+/CD45RA+/CD25- Native T cells,
...627,CD4+/CD45RA+/CD25- Native T cells,
...628,CD4+/CD45RA+/CD25- Native T cells,
...629,CD4+/CD45RA+/CD25- Native T cells,
...630,CD4+/CD45RA+/CD25- Native T cells,
...631,CD4+/CD45RA+/CD25- Native T cells,
...632,CD4+/CD45RA+/CD25- Native T cells,
...633,CD4+/CD45RA+/CD25- Native T cells,
...634,CD4+/CD45RA+/CD25- Native T cells,
...635,CD4+/CD45RA+/CD25- Native T cells,
...636,CD4+/CD45RA+/CD25- Native T cells,
...637,CD4+/CD45RA+/CD25- Native T cells,
...638,CD4+/CD45RA+/CD25- Native T cells,
...639,CD4+/CD45RA+/CD25- Native T cells,
...640,CD4+/CD45RA+/CD25- Native T cells,
...641,CD4+/CD45RA+/CD25- Native T cells,
...642,CD4+/CD45RA+/CD25- Native T cells,
...643,CD4+/CD45RA+/CD25- Native T cells,
...644,CD4+/CD45RA+/CD25- Native T cells,
...645,CD4+/CD45RA+/CD25- Native T cells,
...646,CD4+/CD45RA+/CD25- Native T cells,
...647,CD4+/CD45RA+/CD25- Native T cells,
...648,CD4+/CD45RA+/CD25- Native T cells,
...649,CD4+/CD45RA+/CD25- Native T cells,
...650,CD4+/CD45RA+/CD25- Native T cells,
...651,CD4+/CD45RA+/CD25- Native T cells,
...652,CD4+/CD45RA+/CD25- Native T cells,
...653,CD4+/CD45RA+/CD25- Native T cells,
...654,CD4+/CD45RA+/CD25- Native T cells,
...655,CD4+/CD45RA+/CD25- Native T cells,
...656,CD4+/CD45RA+/CD25- Native T cells,
...657,CD4+/CD45RA+/CD25- Native T cells,
...658,CD4+/CD45RA+/CD25- Native T cells,
...659,CD4+/CD45RA+/CD25- Native T cells,
...660,CD4+/CD45RA+/CD25- Native T cells,
...661,CD4+/CD45RA+/CD25- Native T cells,
...662,CD4+/CD45RA+/CD25- Native T cells,
...663,CD4+/CD45RA+/CD25- Native T cells,
...664,CD4+/CD45RA+/CD25- Native T cells,
...665,CD4+/CD45RA+/CD25- Native T cells,
...666,CD4+/CD45RA+/CD25- Native T cells,
...667,CD4+/CD45RA+/CD25- Native T cells,
...668,CD4+/CD45RA+/CD25- Native T cells,
...669,CD4+/CD45RA+/CD25- Native T cells,
...670,CD4+/CD45RA+/CD25- Native T cells,
...671,CD4+/CD45RA+/CD25- Native T cells,
...672,CD4+/CD45RA+/CD25- Native T cells,
...673,CD4+/CD45RA+/CD25- Native T cells,
...674,CD4+/CD45RA+/CD25- Native T cells,
...675,CD4+/CD45RA+/CD25- Native T cells,
...676,CD4+/CD45RA+/CD25- Native T cells,
...677,CD4+/CD45RA+/CD25- Native T cells,
...678,CD4+/CD45RA+/CD25- Native T cells,
...679,CD4+/CD45RA+/CD25- Native T cells,
...680,CD4+/CD45RA+/CD25- Native T cells,
...681,CD4+/CD45RA+/CD25- Native T cells,
...682,CD4+/CD45RA+/CD25- Native T cells,
...683,CD4+/CD45RA+/CD25- Native T cells,
...684,CD4+/CD45RA+/CD25- Native T cells,
...685,CD4+/CD45RA+/CD25- Native T cells,
...686,CD4+/CD45RA+/CD25- Native T cells,
...687,CD4+/CD45RA+/CD25- Native T cells,
...688,CD4+/CD45RA+/CD25- Native T cells,
...689,CD4+/CD45RA+/CD25- Native T cells,
...690,CD4+/CD45RA+/CD25- Native T cells,
...691,CD4+/CD45RA+/CD25- Native T cells,
...692,CD4+/CD45RA+/CD25- Native T cells,
...693,CD4+/CD45RA+/CD25- Native T cells,
...694,CD4+/CD45RA+/CD25- Native T cells,
...695,CD4+/CD45RA+/CD25- Native T cells,
...696,CD4+/CD45RA+/CD25- Native T cells,
...697,CD4+/CD45RA+/CD25- Native T cells,
...698,CD4+/CD45RA+/CD25- Native T cells,
...699,CD4+/CD45RA+/CD25- Native T cells,
...700,CD4+/CD45RA+/CD25- Native T cells,
...701,CD4+/CD45RA+/CD25- Native T cells,
...702,CD4+/CD45RA+/CD25- Native T cells,
...703,CD4+/CD45RA+/CD25- Native T cells,
...704,CD4+/CD45RA+/CD25- Native T cells,
...705,CD4+/CD45RA+/CD25- Native T cells,
...706,CD4+/CD45RA+/CD25- Native T cells,
...707,CD4+/CD45RA+/CD25- Native T cells,
...708,CD4+/CD45RA+/CD25- Native T cells,
...709,CD4+/CD45RA+/CD25- Native T cells,
...710,CD4+/CD45RA+/CD25- Native T cells,
...711,CD4+/CD45RA+/CD25- Native T cells,
...712,CD4+/CD45RA+/CD25- Native T cells,
...713,CD4+/CD45RA+/CD25- Native T cells,
...714,CD4+/CD45RA+/CD25- Native T cells,
...715,CD4+/CD45RA+/CD25- Native T cells,
...716,CD4+/CD45RA+/CD25- Native T cells,
...717,CD4+/CD45RA+/CD25- Native T cells,
...718,CD4+/CD45RA+/CD25- Native T cells,
...719,CD4+/CD45RA+/CD25- Native T cells,
...720,CD4+/CD45RA+/CD25- Native T cells,
...721,CD4+/CD45RA+/CD25- Native T cells,
...722,CD4+/CD45RA+/CD25- Native T cells,
...723,CD4+/CD45RA+/CD25- Native T cells,
...724,CD4+/CD45RA+/CD25- Native T cells,
...725,CD4+/CD45RA+/CD25- Native T cells,
...726,CD4+/CD45RA+/CD25- Native T cells,
...727,CD4+/CD45RA+/CD25- Native T cells,
...728,CD4+/CD45RA+/CD25- Native T cells,
...729,CD4+/CD45RA+/CD25- Native T cells,
...730,CD4+/CD45RA+/CD25- Native T cells,
...731,CD4+/CD45RA+/CD25- Native T cells,
...732,CD4+/CD45RA+/CD25- Native T cells,
...733,CD4+/CD45RA+/CD25- Native T cells,
...734,CD4+/CD45RA+/CD25- Native T cells,
...735,CD4+/CD45RA+/CD25- Native T cells,
...736,CD4+/CD45RA+/CD25- Native T cells,
...737,CD4+/CD45RA+/CD25- Native T cells,
...738,CD4+/CD45RA+/CD25- Native T cells,
...739,CD4+/CD45RA+/CD25- Native T cells,
...740,CD4+/CD45RA+/CD25- Native T cells,
...741,CD4+/CD45RA+/CD25- Native T cells,
...742,CD4+/CD45RA+/CD25- Native T cells,
...743,CD4+/CD45RA+/CD25- Native T cells,
...744,CD4+/CD45RA+/CD25- Native T cells,
...745,CD4+/CD45RA+/CD25- Native T cells,
...746,CD4+/CD45RA+/CD25- Native T cells,
...747,CD4+/CD45RA+/CD25- Native T cells,
...748,CD4+/CD45RA+/CD25- Native T cells,
...749,CD4+/CD45RA+/CD25- Native T cells,
...750,CD4+/CD45RA+/CD25- Native T cells,
...751,CD4+/CD45RA+/CD25- Native T cells,
...752,CD4+/CD45RA+/CD25- Native T cells,
...753,CD4+/CD45RA+/CD25- Native T cells,
...754,CD4+/CD45RA+/CD25- Native T cells,
...755,CD4+/CD45RA+/CD25- Native T cells,
...756,CD4+/CD45RA+/CD25- Native T cells,
...757,CD4+/CD45RA+/CD25- Native T cells,
...758,CD4+/CD45RA+/CD25- Native T cells,
...759,CD4+/CD45RA+/CD25- Native T cells,
...760,CD4+/CD45RA+/CD25- Native T cells,
...761,CD4+/CD45RA+/CD25- Native T cells,
...762,CD4+/CD45RA+/CD25- Native T cells,
...763,CD4+/CD45RA+/CD25- Native T cells,
...764,CD4+/CD45RA+/CD25- Native T cells,
...765,CD4+/CD45RA+/CD25- Native T cells,
...766,CD4+/CD45RA+/CD25- Native T cells,
...767,CD4+/CD45RA+/CD25- Native T cells,
...768,CD4+/CD45RA+/CD25- Native T cells,
...769,CD4+/CD45RA+/CD25- Native T cells,
...770,CD4+/CD45RA+/CD25- Native T cells,
...771,CD4+/CD45RA+/CD25- Native T cells,
...772,CD4+/CD45RA+/CD25- Native T cells,
...773,CD4+/CD45RA+/CD25- Native T cells,
...774,CD4+/CD45RA+/CD25- Native T cells,
...775,CD4+/CD45RA+/CD25- Native T cells,
...776,CD4+/CD45RA+/CD25- Native T cells,
...777,CD4+/CD45RA+/CD25- Native T cells,
...778,CD4+/CD45RA+/CD25- Native T cells,
...779,CD4+/CD45RA+/CD25- Native T cells,
...780,CD4+/CD45RA+/CD25- Native T cells,
...781,CD4+/CD45RA+/CD25- Native T cells,
...782,CD4+/CD45RA+/CD25- Native T cells,
...783,CD4+/CD45RA+/CD25- Native T cells,
...784,CD4+/CD45RA+/CD25- Native T cells,
...785,CD4+/CD45RA+/CD25- Native T cells,
...786,CD4+/CD45RA+/CD25- Native T cells,
...787,CD4+/CD45RA+/CD25- Native T cells,
...788,CD4+/CD45RA+/CD25- Native T cells,
...789,CD4+/CD45RA+/CD25- Native T cells,
...790,CD4+/CD45RA+/CD25- Native T cells,
...791,CD4+/CD45RA+/CD25- Native T cells,
...792,CD4+/CD45RA+/CD25- Native T cells,
...793,CD4+/CD45RA+/CD25- Native T cells,
...794,CD4+/CD45RA+/CD25- Native T cells,
...795,CD4+/CD45RA+/CD25- Native T cells,
...796,CD4+/CD45RA+/CD25- Native T cells,
...797,CD4+/CD45RA+/CD25- Native T cells,
...798,CD4+/CD45RA+/CD25- Native T cells,
...799,CD4+/CD45RA+/CD25- Native T cells,
...800,CD4+/CD45RA+/CD25- Native T cells,
...801,CD4+/CD45RA+/CD25- Native T cells,
...802,CD4+/CD45RA+/CD25- Native T cells,
...803,CD4+/CD45RA+/CD25- Native T cells,
...804,CD4+/CD45RA+/CD25- Native T cells,
...805,CD4+/CD45RA+/CD25- Native T cells,
...806,CD4+/CD45RA+/CD25- Native T cells,
...807,CD4+/CD45RA+/CD25- Native T cells,
...808,CD4+/CD45RA+/CD25- Native T cells,
...809,CD4+/CD45RA+/CD25- Native T cells,
...810,CD4+/CD45RA+/CD25- Native T cells,
...811,CD4+/CD45RA+/CD25- Native T cells,
...812,CD4+/CD45RA+/CD25- Native T cells,
...813,CD4+/CD45RA+/CD25- Native T cells,
...814,CD4+/CD45RA+/CD25- Native T cells,
...815,CD4+/CD45RA+/CD25- Native T cells,
...816,CD4+/CD45RA+/CD25- Native T cells,
...817,CD4+/CD45RA+/CD25- Native T cells,
...818,CD4+/CD45RA+/CD25- Native T cells,
...819,CD4+/CD45RA+/CD25- Native T cells,
...820,CD4+/CD45RA+/CD25- Native T cells,
...821,CD4+/CD45RA+/CD25- Native T cells,
...822,CD4+/CD45RA+/CD25- Native T cells,
...823,CD4+/CD45RA+/CD25- Native T cells,
...824,CD4+/CD45RA+/CD25- Native T cells,
...825,CD4+/CD45RA+/CD25- Native T cells,
...826,CD4+/CD45RA+/CD25- Native T cells,
...827,CD4+/CD45RA+/CD25- Native T cells,
...828,CD4+/CD45RA+/CD25- Native T cells,
...829,CD4+/CD45RA+/CD25- Native T cells,
...830,CD4+/CD45RA+/CD25- Native T cells,
...831,CD4+/CD45RA+/CD25- Native T cells,
...832,CD4+/CD45RA+/CD25- Native T cells,
...833,CD4+/CD45RA+/CD25- Native T cells,
...834,CD4+/CD45RA+/CD25- Native T cells,
...835,CD4+/CD45RA+/CD25- Native T cells,
...836,CD4+/CD45RA+/CD25- Native T cells,
...837,CD4+/CD45RA+/CD25- Native T cells,
...838,CD4+/CD45RA+/CD25- Native T cells,
...839,CD4+/CD45RA+/CD25- Native T cells,
...840,CD4+/CD45RA+/CD25- Native T cells,
...841,CD4+/CD45RA+/CD25- Native T cells,
...842,CD4+/CD45RA+/CD25- Native T cells,
...843,CD4+/CD45RA+/CD25- Native T cells,
...844,CD4+/CD45RA+/CD25- Native T cells,
...845,CD4+/CD45RA+/CD25- Native T cells,
...846,CD4+/CD45RA+/CD25- Native T cells,
...847,CD4+/CD45RA+/CD25- Native T cells,
...848,CD4+/CD45RA+/CD25- Native T cells,
...849,CD4+/CD45RA+/CD25- Native T cells,
...850,CD4+/CD45RA+/CD25- Native T cells,
...851,CD4+/CD45RA+/CD25- Native T cells,
...852,CD4+/CD45RA+/CD25- Native T cells,
...853,CD4+/CD45RA+/CD25- Native T cells,
...854,CD4+/CD45RA+/CD25- Native T cells,
...855,CD4+/CD45RA+/CD25- Native T cells,
...856,CD4+/CD45RA+/CD25- Native T cells,
...857,CD4+/CD45RA+/CD25- Native T cells,
...858,CD4+/CD45RA+/CD25- Native T cells,
...859,CD4+/CD45RA+/CD25- Native T cells,
...860,CD4+/CD45RA+/CD25- Native T cells,
...861,CD4+/CD45RA+/CD25- Native T cells,
...862,CD4+/CD45RA+/CD25- Native T cells,
...863,CD4+/CD45RA+/CD25- Native T cells,
...864,CD4+/CD45RA+/CD25- Native T cells,
...865,CD4+/CD45RA+/CD25- Native T cells,
...866,CD4+/CD45RA+/CD25- Native T cells,
...867,CD4+/CD45RA+/CD25- Native T cells,
...868,CD4+/CD45RA+/CD25- Native T cells,
...869,CD4+/CD45RA+/CD25- Native T cells,
...870,CD4+/CD45RA+/CD25- Native T cells,
...871,CD4+/CD45RA+/CD25- Native T cells,
...872,CD4+/CD45RA+/CD25- Native T cells,
...873,CD4+/CD45RA+/CD25- Native T cells,
...874,CD4+/CD45RA+/CD25- Native T cells,
...875,CD4+/CD45RA+/CD25- Native T cells,
...876,CD4+/CD45RA+/CD25- Native T cells,
...877,CD4+/CD45RA+/CD25- Native T cells,
...878,CD4+/CD45RA+/CD25- Native T cells,
...879,CD4+/CD45RA+/CD25- Native T cells,
...880,CD4+/CD45RA+/CD25- Native T cells,
...881,CD4+/CD45RA+/CD25- Native T cells,
...882,CD4+/CD45RA+/CD25- Native T cells,
...883,CD4+/CD45RA+/CD25- Native T cells,
...884,CD4+/CD45RA+/CD25- Native T cells,
...885,CD4+/CD45RA+/CD25- Native T cells,
...886,CD4+/CD45RA+/CD25- Native T cells,
...887,CD4+/CD45RA+/CD25- Native T cells,
...888,CD4+/CD45RA+/CD25- Native T cells,
...889,CD4+/CD45RA+/CD25- Native T cells,
...890,CD4+/CD45RA+/CD25- Native T cells,
...891,CD4+/CD45RA+/CD25- Native T cells,
...892,CD4+/CD45RA+/CD25- Native T cells,
...893,CD4+/CD45RA+/CD25- Native T cells,
...894,CD4+/CD45RA+/CD25- Native T cells,
...895,CD4+/CD45RA+/CD25- Native T cells,
...896,CD4+/CD45RA+/CD25- Native T cells,
...897,CD4+/CD45RA+/CD25- Native T cells,
...898,CD4+/CD45RA+/CD25- Native T cells,
...899,CD4+/CD45RA+/CD25- Native T cells,
...900,CD4+/CD45RA+/CD25- Native T cells,
CD4+/CD25+ Regulatory T Cells1,CD4+/CD25+ Regulatory T Cells,
CD4+/CD25+ Regulatory T Cells2,CD4+/CD25+ Regulatory T Cells,
CD4+/CD25+ Regulatory T Cells3,CD4+/CD25+ Regulatory T Cells,
CD4+/CD25+ Regulatory T Cells4,CD4+/CD25+ Regulatory T Cells,
CD4+/CD25+ Regulatory T Cells5,CD4+/CD25+ Regulatory T Cells,
CD4+/CD25+ Regulatory T Cells6,CD4+/CD25+ Regulatory T Cells,
CD4+/CD25+ Regulatory T Cells7,CD4+/CD25+ Regulatory T Cells,
CD4+/CD25+ Regulatory T Cells8,CD4+/CD25+ Regulatory T Cells,
CD4+/CD25+ Regulatory T Cells9,CD4+/CD25+ Regulatory T Cells,
CD4+/CD25+ Regulatory T Cells10,CD4+/CD25+ Regulatory T Cells,
...911,CD4+/CD25+ Regulatory T Cells,
...912,CD4+/CD25+ Regulatory T Cells,
...913,CD4+/CD25+ Regulatory T Cells,
...914,CD4+/CD25+ Regulatory T Cells,
...915,CD4+/CD25+ Regulatory T Cells,
...916,CD4+/CD25+ Regulatory T Cells,
...917,CD4+/CD25+ Regulatory T Cells,
...918,CD4+/CD25+ Regulatory T Cells,
...919,CD4+/CD25+ Regulatory T Cells,
...920,CD4+/CD25+ Regulatory T Cells,
...921,CD4+/CD25+ Regulatory T Cells,
...922,CD4+/CD25+ Regulatory T Cells,
...923,CD4+/CD25+ Regulatory T Cells,
...924,CD4+/CD25+ Regulatory T Cells,
...925,CD4+/CD25+ Regulatory T Cells,
...926,CD4+/CD25+ Regulatory T Cells,
...927,CD4+/CD25+ Regulatory T Cells,
...928,CD4+/CD25+ Regulatory T Cells,
...929,CD4+/CD25+ Regulatory T Cells,
...930,CD4+/CD25+ Regulatory T Cells,
...931,CD4+/CD25+ Regulatory T Cells,
...932,CD4+/CD25+ Regulatory T Cells,
...933,CD4+/CD25+ Regulatory T Cells,
...934,CD4+/CD25+ Regulatory T Cells,
...935,CD4+/CD25+ Regulatory T Cells,
...936,CD4+/CD25+ Regulatory T Cells,
...937,CD4+/CD25+ Regulatory T Cells,
...938,CD4+/CD25+ Regulatory T Cells,
...939,CD4+/CD25+ Regulatory T Cells,
...940,CD4+/CD25+ Regulatory T Cells,
...941,CD4+/CD25+ Regulatory T Cells,
...942,CD4+/CD25+ Regulatory T Cells,
...943,CD4+/CD25+ Regulatory T Cells,
...944,CD4+/CD25+ Regulatory T Cells,
...945,CD4+/CD25+ Regulatory T Cells,
...946,CD4+/CD25+ Regulatory T Cells,
...947,CD4+/CD25+ Regulatory T Cells,
...948,CD4+/CD25+ Regulatory T Cells,
...949,CD4+/CD25+ Regulatory T Cells,
...950,CD4+/CD25+ Regulatory T Cells,
...951,CD4+/CD25+ Regulatory T Cells,
...952,CD4+/CD25+ Regulatory T Cells,
...953,CD4+/CD25+ Regulatory T Cells,
...954,CD4+/CD25+ Regulatory T Cells,
...955,CD4+/CD25+ Regulatory T Cells,
...956,CD4+/CD25+ Regulatory T Cells,
...957,CD4+/CD25+ Regulatory T Cells,
...958,CD4+/CD25+ Regulatory T Cells,
...959,CD4+/CD25+ Regulatory T Cells,
...960,CD4+/CD25+ Regulatory T Cells,
...961,CD4+/CD25+ Regulatory T Cells,
...962,CD4+/CD25+ Regulatory T Cells,
...963,CD4+/CD25+ Regulatory T Cells,
...964,CD4+/CD25+ Regulatory T Cells,
...965,CD4+/CD25+ Regulatory T Cells,
...966,CD4+/CD25+ Regulatory T Cells,
...967,CD4+/CD25+ Regulatory T Cells,
...968,CD4+/CD25+ Regulatory T Cells,
...969,CD4+/CD25+ Regulatory T Cells,
...970,CD4+/CD25+ Regulatory T Cells,
...971,CD4+/CD25+ Regulatory T Cells,
...972,CD4+/CD25+ Regulatory T Cells,
...973,CD4+/CD25+ Regulatory T Cells,
...974,CD4+/CD25+ Regulatory T Cells,
...975,CD4+/CD25+ Regulatory T Cells,
...976,CD4+/CD25+ Regulatory T Cells,
...977,CD4+/CD25+ Regulatory T Cells,
...978,CD4+/CD25+ Regulatory T Cells,
...979,CD4+/CD25+ Regulatory T Cells,
...980,CD4+/CD25+ Regulatory T Cells,
...981,CD4+/CD25+ Regulatory T Cells,
...982,CD4+/CD25+ Regulatory T Cells,
...983,CD4+/CD25+ Regulatory T Cells,
...984,CD4+/CD25+ Regulatory T Cells,
...985,CD4+/CD25+ Regulatory T Cells,
...986,CD4+/CD25+ Regulatory T Cells,
...987,CD4+/CD25+ Regulatory T Cells,
...988,CD4+/CD25+ Regulatory T Cells,
...989,CD4+/CD25+ Regulatory T Cells,
...990,CD4+/CD25+ Regulatory T Cells,
...991,CD4+/CD25+ Regulatory T Cells,
...992,CD4+/CD25+ Regulatory T Cells,
...993,CD4+/CD25+ Regulatory T Cells,
...994,CD4+/CD25+ Regulatory T Cells,
...995,CD4+/CD25+ Regulatory T Cells,
...996,CD4+/CD25+ Regulatory T Cells,
...997,CD4+/CD25+ Regulatory T Cells,
...998,CD4+/CD25+ Regulatory T Cells,
...999,CD4+/CD25+ Regulatory T Cells,
...1000,CD4+/CD25+ Regulatory T Cells,
...1001,CD4+/CD25+ Regulatory T Cells,
...1002,CD4+/CD25+ Regulatory T Cells,
...1003,CD4+/CD25+ Regulatory T Cells,
...1004,CD4+/CD25+ Regulatory T Cells,
...1005,CD4+/CD25+ Regulatory T Cells,
...1006,CD4+/CD25+ Regulatory T Cells,
...1007,CD4+/CD25+ Regulatory T Cells,
...1008,CD4+/CD25+ Regulatory T Cells,
...1009,CD4+/CD25+ Regulatory T Cells,
...1010,CD4+/CD25+ Regulatory T Cells,
...1011,CD4+/CD25+ Regulatory T Cells,
...1012,CD4+/CD25+ Regulatory T Cells,
...1013,CD4+/CD25+ Regulatory T Cells,
...1014,CD4+/CD25+ Regulatory T Cells,
...1015,CD4+/CD25+ Regulatory T Cells,
...1016,CD4+/CD25+ Regulatory T Cells,
...1017,CD4+/CD25+ Regulatory T Cells,
...1018,CD4+/CD25+ Regulatory T Cells,
...1019,CD4+/CD25+ Regulatory T Cells,
...1020,CD4+/CD25+ Regulatory T Cells,
...1021,CD4+/CD25+ Regulatory T Cells,
...1022,CD4+/CD25+ Regulatory T Cells,
...1023,CD4+/CD25+ Regulatory T Cells,
...1024,CD4+/CD25+ Regulatory T Cells,
...1025,CD4+/CD25+ Regulatory T Cells,
...1026,CD4+/CD25+ Regulatory T Cells,
...1027,CD4+/CD25+ Regulatory T Cells,
...1028,CD4+/CD25+ Regulatory T Cells,
...1029,CD4+/CD25+ Regulatory T Cells,
...1030,CD4+/CD25+ Regulatory T Cells,
...1031,CD4+/CD25+ Regulatory T Cells,
...1032,CD4+/CD25+ Regulatory T Cells,
...1033,CD4+/CD25+ Regulatory T Cells,
...1034,CD4+/CD25+ Regulatory T Cells,
...1035,CD4+/CD25+ Regulatory T Cells,
...1036,CD4+/CD25+ Regulatory T Cells,
...1037,CD4+/CD25+ Regulatory T Cells,
...1038,CD4+/CD25+ Regulatory T Cells,
...1039,CD4+/CD25+ Regulatory T Cells,
...1040,CD4+/CD25+ Regulatory T Cells,
...1041,CD4+/CD25+ Regulatory T Cells,
...1042,CD4+/CD25+ Regulatory T Cells,
...1043,CD4+/CD25+ Regulatory T Cells,
...1044,CD4+/CD25+ Regulatory T Cells,
...1045,CD4+/CD25+ Regulatory T Cells,
...1046,CD4+/CD25+ Regulatory T Cells,
...1047,CD4+/CD25+ Regulatory T Cells,
...1048,CD4+/CD25+ Regulatory T Cells,
...1049,CD4+/CD25+ Regulatory T Cells,
...1050,CD4+/CD25+ Regulatory T Cells,
...1051,CD4+/CD25+ Regulatory T Cells,
...1052,CD4+/CD25+ Regulatory T Cells,
...1053,CD4+/CD25+ Regulatory T Cells,
...1054,CD4+/CD25+ Regulatory T Cells,
...1055,CD4+/CD25+ Regulatory T Cells,
...1056,CD4+/CD25+ Regulatory T Cells,
...1057,CD4+/CD25+ Regulatory T Cells,
...1058,CD4+/CD25+ Regulatory T Cells,
...1059,CD4+/CD25+ Regulatory T Cells,
...1060,CD4+/CD25+ Regulatory T Cells,
...1061,CD4+/CD25+ Regulatory T Cells,
...1062,CD4+/CD25+ Regulatory T Cells,
...1063,CD4+/CD25+ Regulatory T Cells,
...1064,CD4+/CD25+ Regulatory T Cells,
...1065,CD4+/CD25+ Regulatory T Cells,
...1066,CD4+/CD25+ Regulatory T Cells,
...1067,CD4+/CD25+ Regulatory T Cells,
...1068,CD4+/CD25+ Regulatory T Cells,
...1069,CD4+/CD25+ Regulatory T Cells,
...1070,CD4+/CD25+ Regulatory T Cells,
...1071,CD4+/CD25+ Regulatory T Cells,
...1072,CD4+/CD25+ Regulatory T Cells,
...1073,CD4+/CD25+ Regulatory T Cells,
...1074,CD4+/CD25+ Regulatory T Cells,
...1075,CD4+/CD25+ Regulatory T Cells,
...1076,CD4+/CD25+ Regulatory T Cells,
...1077,CD4+/CD25+ Regulatory T Cells,
...1078,CD4+/CD25+ Regulatory T Cells,
...1079,CD4+/CD25+ Regulatory T Cells,
...1080,CD4+/CD25+ Regulatory T Cells,
...1081,CD4+/CD25+ Regulatory T Cells,
...1082,CD4+/CD25+ Regulatory T Cells,
...1083,CD4+/CD25+ Regulatory T Cells,
...1084,CD4+/CD25+ Regulatory T Cells,
...1085,CD4+/CD25+ Regulatory T Cells,
...1086,CD4+/CD25+ Regulatory T Cells,
...1087,CD4+/CD25+ Regulatory T Cells,
...1088,CD4+/CD25+ Regulatory T Cells,
...1089,CD4+/CD25+ Regulatory T Cells,
...1090,CD4+/CD25+ Regulatory T Cells,
...1091,CD4+/CD25+ Regulatory T Cells,
...1092,CD4+/CD25+ Regulatory T Cells,
...1093,CD4+/CD25+ Regulatory T Cells,
...1094,CD4+/CD25+ Regulatory T Cells,
...1095,CD4+/CD25+ Regulatory T Cells,
...1096,CD4+/CD25+ Regulatory T Cells,
...1097,CD4+/CD25+ Regulatory T Cells,
...1098,CD4+/CD25+ Regulatory T Cells,
...1099,CD4+/CD25+ Regulatory T Cells,
...1100,CD4+/CD25+ Regulatory T Cells,
...1101,CD4+/CD25+ Regulatory T Cells,
...1102,CD4+/CD25+ Regulatory T Cells,
...1103,CD4+/CD25+ Regulatory T Cells,
...1104,CD4+/CD25+ Regulatory T Cells,
...1105,CD4+/CD25+ Regulatory T Cells,
...1106,CD4+/CD25+ Regulatory T Cells,
...1107,CD4+/CD25+ Regulatory T Cells,
...1108,CD4+/CD25+ Regulatory T Cells,
...1109,CD4+/CD25+ Regulatory T Cells,
...1110,CD4+/CD25+ Regulatory T Cells,
...1111,CD4+/CD25+ Regulatory T Cells,
...1112,CD4+/CD25+ Regulatory T Cells,
...1113,CD4+/CD25+ Regulatory T Cells,
...1114,CD4+/CD25+ Regulatory T Cells,
...1115,CD4+/CD25+ Regulatory T Cells,
...1116,CD4+/CD25+ Regulatory T Cells,
...1117,CD4+/CD25+ Regulatory T Cells,
...1118,CD4+/CD25+ Regulatory T Cells,
...1119,CD4+/CD25+ Regulatory T Cells,
...1120,CD4+/CD25+ Regulatory T Cells,
...1121,CD4+/CD25+ Regulatory T Cells,
...1122,CD4+/CD25+ Regulatory T Cells,
...1123,CD4+/CD25+ Regulatory T Cells,
...1124,CD4+/CD25+ Regulatory T Cells,
...1125,CD4+/CD25+ Regulatory T Cells,
...1126,CD4+/CD25+ Regulatory T Cells,
...1127,CD4+/CD25+ Regulatory T Cells,
...1128,CD4+/CD25+ Regulatory T Cells,
...1129,CD4+/CD25+ Regulatory T Cells,
...1130,CD4+/CD25+ Regulatory T Cells,
...1131,CD4+/CD25+ Regulatory T Cells,
...1132,CD4+/CD25+ Regulatory T Cells,
...1133,CD4+/CD25+ Regulatory T Cells,
...1134,CD4+/CD25+ Regulatory T Cells,
...1135,CD4+/CD25+ Regulatory T Cells,
...1136,CD4+/CD25+ Regulatory T Cells,
...1137,CD4+/CD25+ Regulatory T Cells,
...1138,CD4+/CD25+ Regulatory T Cells,
...1139,CD4+/CD25+ Regulatory T Cells,
...1140,CD4+/CD25+ Regulatory T Cells,
...1141,CD4+/CD25+ Regulatory T Cells,
...1142,CD4+/CD25+ Regulatory T Cells,
...1143,CD4+/CD25+ Regulatory T Cells,
...1144,CD4+/CD25+ Regulatory T Cells,
...1145,CD4+/CD25+ Regulatory T Cells,
...1146,CD4+/CD25+ Regulatory T Cells,
...1147,CD4+/CD25+ Regulatory T Cells,
...1148,CD4+/CD25+ Regulatory T Cells,
...1149,CD4+/CD25+ Regulatory T Cells,
...1150,CD4+/CD25+ Regulatory T Cells,
...1151,CD4+/CD25+ Regulatory T Cells,
...1152,CD4+/CD25+ Regulatory T Cells,
...1153,CD4+/CD25+ Regulatory T Cells,
...1154,CD4+/CD25+ Regulatory T Cells,
...1155,CD4+/CD25+ Regulatory T Cells,
...1156,CD4+/CD25+ Regulatory T Cells,
...1157,CD4+/CD25+ Regulatory T Cells,
...1158,CD4+/CD25+ Regulatory T Cells,
...1159,CD4+/CD25+ Regulatory T Cells,
...1160,CD4+/CD25+ Regulatory T Cells,
...1161,CD4+/CD25+ Regulatory T Cells,
...1162,CD4+/CD25+ Regulatory T Cells,
...1163,CD4+/CD25+ Regulatory T Cells,
...1164,CD4+/CD25+ Regulatory T Cells,
...1165,CD4+/CD25+ Regulatory T Cells,
...1166,CD4+/CD25+ Regulatory T Cells,
...1167,CD4+/CD25+ Regulatory T Cells,
...1168,CD4+/CD25+ Regulatory T Cells,
...1169,CD4+/CD25+ Regulatory T Cells,
...1170,CD4+/CD25+ Regulatory T Cells,
...1171,CD4+/CD25+ Regulatory T Cells,
...1172,CD4+/CD25+ Regulatory T Cells,
...1173,CD4+/CD25+ Regulatory T Cells,
...1174,CD4+/CD25+ Regulatory T Cells,
...1175,CD4+/CD25+ Regulatory T Cells,
...1176,CD4+/CD25+ Regulatory T Cells,
...1177,CD4+/CD25+ Regulatory T Cells,
...1178,CD4+/CD25+ Regulatory T Cells,
...1179,CD4+/CD25+ Regulatory T Cells,
...1180,CD4+/CD25+ Regulatory T Cells,
...1181,CD4+/CD25+ Regulatory T Cells,
...1182,CD4+/CD25+ Regulatory T Cells,
...1183,CD4+/CD25+ Regulatory T Cells,
...1184,CD4+/CD25+ Regulatory T Cells,
...1185,CD4+/CD25+ Regulatory T Cells,
...1186,CD4+/CD25+ Regulatory T Cells,
...1187,CD4+/CD25+ Regulatory T Cells,
...1188,CD4+/CD25+ Regulatory T Cells,
...1189,CD4+/CD25+ Regulatory T Cells,
...1190,CD4+/CD25+ Regulatory T Cells,
...1191,CD4+/CD25+ Regulatory T Cells,
...1192,CD4+/CD25+ Regulatory T Cells,
...1193,CD4+/CD25+ Regulatory T Cells,
...1194,CD4+/CD25+ Regulatory T Cells,
...1195,CD4+/CD25+ Regulatory T Cells,
...1196,CD4+/CD25+ Regulatory T Cells,
...1197,CD4+/CD25+ Regulatory T Cells,
...1198,CD4+/CD25+ Regulatory T Cells,
...1199,CD4+/CD25+ Regulatory T Cells,
...1200,CD4+/CD25+ Regulatory T Cells,
CD8+/CD45RA+ Naive Cytotoxic1,CD8+/CD45RA+ Naive Cytotoxic,
CD8+/CD45RA+ Naive Cytotoxic2,CD8+/CD45RA+ Naive Cytotoxic,
CD8+/CD45RA+ Naive Cytotoxic3,CD8+/CD45RA+ Naive Cytotoxic,
CD8+/CD45RA+ Naive Cytotoxic4,CD8+/CD45RA+ Naive Cytotoxic,
CD8+/CD45RA+ Naive Cytotoxic5,CD8+/CD45RA+ Naive Cytotoxic,
CD8+/CD45RA+ Naive Cytotoxic6,CD8+/CD45RA+ Naive Cytotoxic,
CD8+/CD45RA+ Naive Cytotoxic7,CD8+/CD45RA+ Naive Cytotoxic,
CD8+/CD45RA+ Naive Cytotoxic8,CD8+/CD45RA+ Naive Cytotoxic,
CD8+/CD45RA+ Naive Cytotoxic9,CD8+/CD45RA+ Naive Cytotoxic,
CD8+/CD45RA+ Naive Cytotoxic10,CD8+/CD45RA+ Naive Cytotoxic,
...1211,CD8+/CD45RA+ Naive Cytotoxic,
...1212,CD8+/CD45RA+ Naive Cytotoxic,
...1213,CD8+/CD45RA+ Naive Cytotoxic,
...1214,CD8+/CD45RA+ Naive Cytotoxic,
...1215,CD8+/CD45RA+ Naive Cytotoxic,
...1216,CD8+/CD45RA+ Naive Cytotoxic,
...1217,CD8+/CD45RA+ Naive Cytotoxic,
...1218,CD8+/CD45RA+ Naive Cytotoxic,
...1219,CD8+/CD45RA+ Naive Cytotoxic,
...1220,CD8+/CD45RA+ Naive Cytotoxic,
...1221,CD8+/CD45RA+ Naive Cytotoxic,
...1222,CD8+/CD45RA+ Naive Cytotoxic,
...1223,CD8+/CD45RA+ Naive Cytotoxic,
...1224,CD8+/CD45RA+ Naive Cytotoxic,
...1225,CD8+/CD45RA+ Naive Cytotoxic,
...1226,CD8+/CD45RA+ Naive Cytotoxic,
...1227,CD8+/CD45RA+ Naive Cytotoxic,
...1228,CD8+/CD45RA+ Naive Cytotoxic,
...1229,CD8+/CD45RA+ Naive Cytotoxic,
...1230,CD8+/CD45RA+ Naive Cytotoxic,
...1231,CD8+/CD45RA+ Naive Cytotoxic,
...1232,CD8+/CD45RA+ Naive Cytotoxic,
...1233,CD8+/CD45RA+ Naive Cytotoxic,
...1234,CD8+/CD45RA+ Naive Cytotoxic,
...1235,CD8+/CD45RA+ Naive Cytotoxic,
...1236,CD8+/CD45RA+ Naive Cytotoxic,
...1237,CD8+/CD45RA+ Naive Cytotoxic,
...1238,CD8+/CD45RA+ Naive Cytotoxic,
...1239,CD8+/CD45RA+ Naive Cytotoxic,
...1240,CD8+/CD45RA+ Naive Cytotoxic,
...1241,CD8+/CD45RA+ Naive Cytotoxic,
...1242,CD8+/CD45RA+ Naive Cytotoxic,
...1243,CD8+/CD45RA+ Naive Cytotoxic,
...1244,CD8+/CD45RA+ Naive Cytotoxic,
...1245,CD8+/CD45RA+ Naive Cytotoxic,
...1246,CD8+/CD45RA+ Naive Cytotoxic,
...1247,CD8+/CD45RA+ Naive Cytotoxic,
...1248,CD8+/CD45RA+ Naive Cytotoxic,
...1249,CD8+/CD45RA+ Naive Cytotoxic,
...1250,CD8+/CD45RA+ Naive Cytotoxic,
...1251,CD8+/CD45RA+ Naive Cytotoxic,
...1252,CD8+/CD45RA+ Naive Cytotoxic,
...1253,CD8+/CD45RA+ Naive Cytotoxic,
...1254,CD8+/CD45RA+ Naive Cytotoxic,
...1255,CD8+/CD45RA+ Naive Cytotoxic,
...1256,CD8+/CD45RA+ Naive Cytotoxic,
...1257,CD8+/CD45RA+ Naive Cytotoxic,
...1258,CD8+/CD45RA+ Naive Cytotoxic,
...1259,CD8+/CD45RA+ Naive Cytotoxic,
...1260,CD8+/CD45RA+ Naive Cytotoxic,
...1261,CD8+/CD45RA+ Naive Cytotoxic,
...1262,CD8+/CD45RA+ Naive Cytotoxic,
...1263,CD8+/CD45RA+ Naive Cytotoxic,
...1264,CD8+/CD45RA+ Naive Cytotoxic,
...1265,CD8+/CD45RA+ Naive Cytotoxic,
...1266,CD8+/CD45RA+ Naive Cytotoxic,
...1267,CD8+/CD45RA+ Naive Cytotoxic,
...1268,CD8+/CD45RA+ Naive Cytotoxic,
...1269,CD8+/CD45RA+ Naive Cytotoxic,
...1270,CD8+/CD45RA+ Naive Cytotoxic,
...1271,CD8+/CD45RA+ Naive Cytotoxic,
...1272,CD8+/CD45RA+ Naive Cytotoxic,
...1273,CD8+/CD45RA+ Naive Cytotoxic,
...1274,CD8+/CD45RA+ Naive Cytotoxic,
...1275,CD8+/CD45RA+ Naive Cytotoxic,
...1276,CD8+/CD45RA+ Naive Cytotoxic,
...1277,CD8+/CD45RA+ Naive Cytotoxic,
...1278,CD8+/CD45RA+ Naive Cytotoxic,
...1279,CD8+/CD45RA+ Naive Cytotoxic,
...1280,CD8+/CD45RA+ Naive Cytotoxic,
...1281,CD8+/CD45RA+ Naive Cytotoxic,
...1282,CD8+/CD45RA+ Naive Cytotoxic,
...1283,CD8+/CD45RA+ Naive Cytotoxic,
...1284,CD8+/CD45RA+ Naive Cytotoxic,
...1285,CD8+/CD45RA+ Naive Cytotoxic,
...1286,CD8+/CD45RA+ Naive Cytotoxic,
...1287,CD8+/CD45RA+ Naive Cytotoxic,
...1288,CD8+/CD45RA+ Naive Cytotoxic,
...1289,CD8+/CD45RA+ Naive Cytotoxic,
...1290,CD8+/CD45RA+ Naive Cytotoxic,
...1291,CD8+/CD45RA+ Naive Cytotoxic,
...1292,CD8+/CD45RA+ Naive Cytotoxic,
...1293,CD8+/CD45RA+ Naive Cytotoxic,
...1294,CD8+/CD45RA+ Naive Cytotoxic,
...1295,CD8+/CD45RA+ Naive Cytotoxic,
...1296,CD8+/CD45RA+ Naive Cytotoxic,
...1297,CD8+/CD45RA+ Naive Cytotoxic,
...1298,CD8+/CD45RA+ Naive Cytotoxic,
...1299,CD8+/CD45RA+ Naive Cytotoxic,
...1300,CD8+/CD45RA+ Naive Cytotoxic,
...1301,CD8+/CD45RA+ Naive Cytotoxic,
...1302,CD8+/CD45RA+ Naive Cytotoxic,
...1303,CD8+/CD45RA+ Naive Cytotoxic,
...1304,CD8+/CD45RA+ Naive Cytotoxic,
...1305,CD8+/CD45RA+ Naive Cytotoxic,
...1306,CD8+/CD45RA+ Naive Cytotoxic,
...1307,CD8+/CD45RA+ Naive Cytotoxic,
...1308,CD8+/CD45RA+ Naive Cytotoxic,
...1309,CD8+/CD45RA+ Naive Cytotoxic,
...1310,CD8+/CD45RA+ Naive Cytotoxic,
...1311,CD8+/CD45RA+ Naive Cytotoxic,
...1312,CD8+/CD45RA+ Naive Cytotoxic,
...1313,CD8+/CD45RA+ Naive Cytotoxic,
...1314,CD8+/CD45RA+ Naive Cytotoxic,
...1315,CD8+/CD45RA+ Naive Cytotoxic,
...1316,CD8+/CD45RA+ Naive Cytotoxic,
...1317,CD8+/CD45RA+ Naive Cytotoxic,
...1318,CD8+/CD45RA+ Naive Cytotoxic,
...1319,CD8+/CD45RA+ Naive Cytotoxic,
...1320,CD8+/CD45RA+ Naive Cytotoxic,
...1321,CD8+/CD45RA+ Naive Cytotoxic,
...1322,CD8+/CD45RA+ Naive Cytotoxic,
...1323,CD8+/CD45RA+ Naive Cytotoxic,
...1324,CD8+/CD45RA+ Naive Cytotoxic,
...1325,CD8+/CD45RA+ Naive Cytotoxic,
...1326,CD8+/CD45RA+ Naive Cytotoxic,
...1327,CD8+/CD45RA+ Naive Cytotoxic,
...1328,CD8+/CD45RA+ Naive Cytotoxic,
...1329,CD8+/CD45RA+ Naive Cytotoxic,
...1330,CD8+/CD45RA+ Naive Cytotoxic,
...1331,CD8+/CD45RA+ Naive Cytotoxic,
...1332,CD8+/CD45RA+ Naive Cytotoxic,
...1333,CD8+/CD45RA+ Naive Cytotoxic,
...1334,CD8+/CD45RA+ Naive Cytotoxic,
...1335,CD8+/CD45RA+ Naive Cytotoxic,
...1336,CD8+/CD45RA+ Naive Cytotoxic,
...1337,CD8+/CD45RA+ Naive Cytotoxic,
...1338,CD8+/CD45RA+ Naive Cytotoxic,
...1339,CD8+/CD45RA+ Naive Cytotoxic,
...1340,CD8+/CD45RA+ Naive Cytotoxic,
...1341,CD8+/CD45RA+ Naive Cytotoxic,
...1342,CD8+/CD45RA+ Naive Cytotoxic,
...1343,CD8+/CD45RA+ Naive Cytotoxic,
...1344,CD8+/CD45RA+ Naive Cytotoxic,
...1345,CD8+/CD45RA+ Naive Cytotoxic,
...1346,CD8+/CD45RA+ Naive Cytotoxic,
...1347,CD8+/CD45RA+ Naive Cytotoxic,
...1348,CD8+/CD45RA+ Naive Cytotoxic,
...1349,CD8+/CD45RA+ Naive Cytotoxic,
...1350,CD8+/CD45RA+ Naive Cytotoxic,
...1351,CD8+/CD45RA+ Naive Cytotoxic,
...1352,CD8+/CD45RA+ Naive Cytotoxic,
...1353,CD8+/CD45RA+ Naive Cytotoxic,
...1354,CD8+/CD45RA+ Naive Cytotoxic,
...1355,CD8+/CD45RA+ Naive Cytotoxic,
...1356,CD8+/CD45RA+ Naive Cytotoxic,
...1357,CD8+/CD45RA+ Naive Cytotoxic,
...1358,CD8+/CD45RA+ Naive Cytotoxic,
...1359,CD8+/CD45RA+ Naive Cytotoxic,
...1360,CD8+/CD45RA+ Naive Cytotoxic,
...1361,CD8+/CD45RA+ Naive Cytotoxic,
...1362,CD8+/CD45RA+ Naive Cytotoxic,
...1363,CD8+/CD45RA+ Naive Cytotoxic,
...1364,CD8+/CD45RA+ Naive Cytotoxic,
...1365,CD8+/CD45RA+ Naive Cytotoxic,
...1366,CD8+/CD45RA+ Naive Cytotoxic,
...1367,CD8+/CD45RA+ Naive Cytotoxic,
...1368,CD8+/CD45RA+ Naive Cytotoxic,
...1369,CD8+/CD45RA+ Naive Cytotoxic,
...1370,CD8+/CD45RA+ Naive Cytotoxic,
...1371,CD8+/CD45RA+ Naive Cytotoxic,
...1372,CD8+/CD45RA+ Naive Cytotoxic,
...1373,CD8+/CD45RA+ Naive Cytotoxic,
...1374,CD8+/CD45RA+ Naive Cytotoxic,
...1375,CD8+/CD45RA+ Naive Cytotoxic,
...1376,CD8+/CD45RA+ Naive Cytotoxic,
...1377,CD8+/CD45RA+ Naive Cytotoxic,
...1378,CD8+/CD45RA+ Naive Cytotoxic,
...1379,CD8+/CD45RA+ Naive Cytotoxic,
...1380,CD8+/CD45RA+ Naive Cytotoxic,
...1381,CD8+/CD45RA+ Naive Cytotoxic,
...1382,CD8+/CD45RA+ Naive Cytotoxic,
...1383,CD8+/CD45RA+ Naive Cytotoxic,
...1384,CD8+/CD45RA+ Naive Cytotoxic,
...1385,CD8+/CD45RA+ Naive Cytotoxic,
...1386,CD8+/CD45RA+ Naive Cytotoxic,
...1387,CD8+/CD45RA+ Naive Cytotoxic,
...1388,CD8+/CD45RA+ Naive Cytotoxic,
...1389,CD8+/CD45RA+ Naive Cytotoxic,
...1390,CD8+/CD45RA+ Naive Cytotoxic,
...1391,CD8+/CD45RA+ Naive Cytotoxic,
...1392,CD8+/CD45RA+ Naive Cytotoxic,
...1393,CD8+/CD45RA+ Naive Cytotoxic,
...1394,CD8+/CD45RA+ Naive Cytotoxic,
...1395,CD8+/CD45RA+ Naive Cytotoxic,
...1396,CD8+/CD45RA+ Naive Cytotoxic,
...1397,CD8+/CD45RA+ Naive Cytotoxic,
...1398,CD8+/CD45RA+ Naive Cytotoxic,
...1399,CD8+/CD45RA+ Naive Cytotoxic,
...1400,CD8+/CD45RA+ Naive Cytotoxic,
...1401,CD8+/CD45RA+ Naive Cytotoxic,
...1402,CD8+/CD45RA+ Naive Cytotoxic,
...1403,CD8+/CD45RA+ Naive Cytotoxic,
...1404,CD8+/CD45RA+ Naive Cytotoxic,
...1405,CD8+/CD45RA+ Naive Cytotoxic,
...1406,CD8+/CD45RA+ Naive Cytotoxic,
...1407,CD8+/CD45RA+ Naive Cytotoxic,
...1408,CD8+/CD45RA+ Naive Cytotoxic,
...1409,CD8+/CD45RA+ Naive Cytotoxic,
...1410,CD8+/CD45RA+ Naive Cytotoxic,
...1411,CD8+/CD45RA+ Naive Cytotoxic,
...1412,CD8+/CD45RA+ Naive Cytotoxic,
...1413,CD8+/CD45RA+ Naive Cytotoxic,
...1414,CD8+/CD45RA+ Naive Cytotoxic,
...1415,CD8+/CD45RA+ Naive Cytotoxic,
...1416,CD8+/CD45RA+ Naive Cytotoxic,
...1417,CD8+/CD45RA+ Naive Cytotoxic,
...1418,CD8+/CD45RA+ Naive Cytotoxic,
...1419,CD8+/CD45RA+ Naive Cytotoxic,
...1420,CD8+/CD45RA+ Naive Cytotoxic,
...1421,CD8+/CD45RA+ Naive Cytotoxic,
...1422,CD8+/CD45RA+ Naive Cytotoxic,
...1423,CD8+/CD45RA+ Naive Cytotoxic,
...1424,CD8+/CD45RA+ Naive Cytotoxic,
...1425,CD8+/CD45RA+ Naive Cytotoxic,
...1426,CD8+/CD45RA+ Naive Cytotoxic,
...1427,CD8+/CD45RA+ Naive Cytotoxic,
...1428,CD8+/CD45RA+ Naive Cytotoxic,
...1429,CD8+/CD45RA+ Naive Cytotoxic,
...1430,CD8+/CD45RA+ Naive Cytotoxic,
...1431,CD8+/CD45RA+ Naive Cytotoxic,
...1432,CD8+/CD45RA+ Naive Cytotoxic,
...1433,CD8+/CD45RA+ Naive Cytotoxic,
...1434,CD8+/CD45RA+ Naive Cytotoxic,
...1435,CD8+/CD45RA+ Naive Cytotoxic,
...1436,CD8+/CD45RA+ Naive Cytotoxic,
...1437,CD8+/CD45RA+ Naive Cytotoxic,
...1438,CD8+/CD45RA+ Naive Cytotoxic,
...1439,CD8+/CD45RA+ Naive Cytotoxic,
...1440,CD8+/CD45RA+ Naive Cytotoxic,
...1441,CD8+/CD45RA+ Naive Cytotoxic,
...1442,CD8+/CD45RA+ Naive Cytotoxic,
...1443,CD8+/CD45RA+ Naive Cytotoxic,
...1444,CD8+/CD45RA+ Naive Cytotoxic,
...1445,CD8+/CD45RA+ Naive Cytotoxic,
...1446,CD8+/CD45RA+ Naive Cytotoxic,
...1447,CD8+/CD45RA+ Naive Cytotoxic,
...1448,CD8+/CD45RA+ Naive Cytotoxic,
...1449,CD8+/CD45RA+ Naive Cytotoxic,
...1450,CD8+/CD45RA+ Naive Cytotoxic,
...1451,CD8+/CD45RA+ Naive Cytotoxic,
...1452,CD8+/CD45RA+ Naive Cytotoxic,
...1453,CD8+/CD45RA+ Naive Cytotoxic,
...1454,CD8+/CD45RA+ Naive Cytotoxic,
...1455,CD8+/CD45RA+ Naive Cytotoxic,
...1456,CD8+/CD45RA+ Naive Cytotoxic,
...1457,CD8+/CD45RA+ Naive Cytotoxic,
...1458,CD8+/CD45RA+ Naive Cytotoxic,
...1459,CD8+/CD45RA+ Naive Cytotoxic,
...1460,CD8+/CD45RA+ Naive Cytotoxic,
...1461,CD8+/CD45RA+ Naive Cytotoxic,
...1462,CD8+/CD45RA+ Naive Cytotoxic,
...1463,CD8+/CD45RA+ Naive Cytotoxic,
...1464,CD8+/CD45RA+ Naive Cytotoxic,
...1465,CD8+/CD45RA+ Naive Cytotoxic,
...1466,CD8+/CD45RA+ Naive Cytotoxic,
...1467,CD8+/CD45RA+ Naive Cytotoxic,
...1468,CD8+/CD45RA+ Naive Cytotoxic,
...1469,CD8+/CD45RA+ Naive Cytotoxic,
...1470,CD8+/CD45RA+ Naive Cytotoxic,
...1471,CD8+/CD45RA+ Naive Cytotoxic,
...1472,CD8+/CD45RA+ Naive Cytotoxic,
...1473,CD8+/CD45RA+ Naive Cytotoxic,
...1474,CD8+/CD45RA+ Naive Cytotoxic,
...1475,CD8+/CD45RA+ Naive Cytotoxic,
...1476,CD8+/CD45RA+ Naive Cytotoxic,
...1477,CD8+/CD45RA+ Naive Cytotoxic,
...1478,CD8+/CD45RA+ Naive Cytotoxic,
...1479,CD8+/CD45RA+ Naive Cytotoxic,
...1480,CD8+/CD45RA+ Naive Cytotoxic,
...1481,CD8+/CD45RA+ Naive Cytotoxic,
...1482,CD8+/CD45RA+ Naive Cytotoxic,
...1483,CD8+/CD45RA+ Naive Cytotoxic,
...1484,CD8+/CD45RA+ Naive Cytotoxic,
...1485,CD8+/CD45RA+ Naive Cytotoxic,
...1486,CD8+/CD45RA+ Naive Cytotoxic,
...1487,CD8+/CD45RA+ Naive Cytotoxic,
...1488,CD8+/CD45RA+ Naive Cytotoxic,
...1489,CD8+/CD45RA+ Naive Cytotoxic,
...1490,CD8+/CD45RA+ Naive Cytotoxic,
...1491,CD8+/CD45RA+ Naive Cytotoxic,
...1492,CD8+/CD45RA+ Naive Cytotoxic,
...1493,CD8+/CD45RA+ Naive Cytotoxic,
...1494,CD8+/CD45RA+ Naive Cytotoxic,
...1495,CD8+/CD45RA+ Naive Cytotoxic,
...1496,CD8+/CD45RA+ Naive Cytotoxic,
...1497,CD8+/CD45RA+ Naive Cytotoxic,
...1498,CD8+/CD45RA+ Naive Cytotoxic,
...1499,CD8+/CD45RA+ Naive Cytotoxic,
...1500,CD8+/CD45RA+ Naive Cytotoxic,
CD4+/CD45RO+ Memory T Cells1,CD4+/CD45RO+ Memory T Cells,
CD4+/CD45RO+ Memory T Cells2,CD4+/CD45RO+ Memory T Cells,
CD4+/CD45RO+ Memory T Cells3,CD4+/CD45RO+ Memory T Cells,
CD4+/CD45RO+ Memory T Cells4,CD4+/CD45RO+ Memory T Cells,
CD4+/CD45RO+ Memory T Cells5,CD4+/CD45RO+ Memory T Cells,
CD4+/CD45RO+ Memory T Cells6,CD4+/CD45RO+ Memory T Cells,
CD4+/CD45RO+ Memory T Cells7,CD4+/CD45RO+ Memory T Cells,
CD4+/CD45RO+ Memory T Cells8,CD4+/CD45RO+ Memory T Cells,
CD4+/CD45RO+ Memory T Cells9,CD4+/CD45RO+ Memory T Cells,
CD4+/CD45RO+ Memory T Cells10,CD4+/CD45RO+ Memory T Cells,
...1511,CD4+/CD45RO+ Memory T Cells,
...1512,CD4+/CD45RO+ Memory T Cells,
...1513,CD4+/CD45RO+ Memory T Cells,
...1514,CD4+/CD45RO+ Memory T Cells,
...1515,CD4+/CD45RO+ Memory T Cells,
...1516,CD4+/CD45RO+ Memory T Cells,
...1517,CD4+/CD45RO+ Memory T Cells,
...1518,CD4+/CD45RO+ Memory T Cells,
...1519,CD4+/CD45RO+ Memory T Cells,
...1520,CD4+/CD45RO+ Memory T Cells,
...1521,CD4+/CD45RO+ Memory T Cells,
...1522,CD4+/CD45RO+ Memory T Cells,
...1523,CD4+/CD45RO+ Memory T Cells,
...1524,CD4+/CD45RO+ Memory T Cells,
...1525,CD4+/CD45RO+ Memory T Cells,
...1526,CD4+/CD45RO+ Memory T Cells,
...1527,CD4+/CD45RO+ Memory T Cells,
...1528,CD4+/CD45RO+ Memory T Cells,
...1529,CD4+/CD45RO+ Memory T Cells,
...1530,CD4+/CD45RO+ Memory T Cells,
...1531,CD4+/CD45RO+ Memory T Cells,
...1532,CD4+/CD45RO+ Memory T Cells,
...1533,CD4+/CD45RO+ Memory T Cells,
...1534,CD4+/CD45RO+ Memory T Cells,
...1535,CD4+/CD45RO+ Memory T Cells,
...1536,CD4+/CD45RO+ Memory T Cells,
...1537,CD4+/CD45RO+ Memory T Cells,
...1538,CD4+/CD45RO+ Memory T Cells,
...1539,CD4+/CD45RO+ Memory T Cells,
...1540,CD4+/CD45RO+ Memory T Cells,
...1541,CD4+/CD45RO+ Memory T Cells,
...1542,CD4+/CD45RO+ Memory T Cells,
...1543,CD4+/CD45RO+ Memory T Cells,
...1544,CD4+/CD45RO+ Memory T Cells,
...1545,CD4+/CD45RO+ Memory T Cells,
...1546,CD4+/CD45RO+ Memory T Cells,
...1547,CD4+/CD45RO+ Memory T Cells,
...1548,CD4+/CD45RO+ Memory T Cells,
...1549,CD4+/CD45RO+ Memory T Cells,
...1550,CD4+/CD45RO+ Memory T Cells,
...1551,CD4+/CD45RO+ Memory T Cells,
...1552,CD4+/CD45RO+ Memory T Cells,
...1553,CD4+/CD45RO+ Memory T Cells,
...1554,CD4+/CD45RO+ Memory T Cells,
...1555,CD4+/CD45RO+ Memory T Cells,
...1556,CD4+/CD45RO+ Memory T Cells,
...1557,CD4+/CD45RO+ Memory T Cells,
...1558,CD4+/CD45RO+ Memory T Cells,
...1559,CD4+/CD45RO+ Memory T Cells,
...1560,CD4+/CD45RO+ Memory T Cells,
...1561,CD4+/CD45RO+ Memory T Cells,
...1562,CD4+/CD45RO+ Memory T Cells,
...1563,CD4+/CD45RO+ Memory T Cells,
...1564,CD4+/CD45RO+ Memory T Cells,
...1565,CD4+/CD45RO+ Memory T Cells,
...1566,CD4+/CD45RO+ Memory T Cells,
...1567,CD4+/CD45RO+ Memory T Cells,
...1568,CD4+/CD45RO+ Memory T Cells,
...1569,CD4+/CD45RO+ Memory T Cells,
...1570,CD4+/CD45RO+ Memory T Cells,
...1571,CD4+/CD45RO+ Memory T Cells,
...1572,CD4+/CD45RO+ Memory T Cells,
...1573,CD4+/CD45RO+ Memory T Cells,
...1574,CD4+/CD45RO+ Memory T Cells,
...1575,CD4+/CD45RO+ Memory T Cells,
...1576,CD4+/CD45RO+ Memory T Cells,
...1577,CD4+/CD45RO+ Memory T Cells,
...1578,CD4+/CD45RO+ Memory T Cells,
...1579,CD4+/CD45RO+ Memory T Cells,
...1580,CD4+/CD45RO+ Memory T Cells,
...1581,CD4+/CD45RO+ Memory T Cells,
...1582,CD4+/CD45RO+ Memory T Cells,
...1583,CD4+/CD45RO+ Memory T Cells,
...1584,CD4+/CD45RO+ Memory T Cells,
...1585,CD4+/CD45RO+ Memory T Cells,
...1586,CD4+/CD45RO+ Memory T Cells,
...1587,CD4+/CD45RO+ Memory T Cells,
...1588,CD4+/CD45RO+ Memory T Cells,
...1589,CD4+/CD45RO+ Memory T Cells,
...1590,CD4+/CD45RO+ Memory T Cells,
...1591,CD4+/CD45RO+ Memory T Cells,
...1592,CD4+/CD45RO+ Memory T Cells,
...1593,CD4+/CD45RO+ Memory T Cells,
...1594,CD4+/CD45RO+ Memory T Cells,
...1595,CD4+/CD45RO+ Memory T Cells,
...1596,CD4+/CD45RO+ Memory T Cells,
...1597,CD4+/CD45RO+ Memory T Cells,
...1598,CD4+/CD45RO+ Memory T Cells,
...1599,CD4+/CD45RO+ Memory T Cells,
...1600,CD4+/CD45RO+ Memory T Cells,
...1601,CD4+/CD45RO+ Memory T Cells,
...1602,CD4+/CD45RO+ Memory T Cells,
...1603,CD4+/CD45RO+ Memory T Cells,
...1604,CD4+/CD45RO+ Memory T Cells,
...1605,CD4+/CD45RO+ Memory T Cells,
...1606,CD4+/CD45RO+ Memory T Cells,
...1607,CD4+/CD45RO+ Memory T Cells,
...1608,CD4+/CD45RO+ Memory T Cells,
...1609,CD4+/CD45RO+ Memory T Cells,
...1610,CD4+/CD45RO+ Memory T Cells,
...1611,CD4+/CD45RO+ Memory T Cells,
...1612,CD4+/CD45RO+ Memory T Cells,
...1613,CD4+/CD45RO+ Memory T Cells,
...1614,CD4+/CD45RO+ Memory T Cells,
...1615,CD4+/CD45RO+ Memory T Cells,
...1616,CD4+/CD45RO+ Memory T Cells,
...1617,CD4+/CD45RO+ Memory T Cells,
...1618,CD4+/CD45RO+ Memory T Cells,
...1619,CD4+/CD45RO+ Memory T Cells,
...1620,CD4+/CD45RO+ Memory T Cells,
...1621,CD4+/CD45RO+ Memory T Cells,
...1622,CD4+/CD45RO+ Memory T Cells,
...1623,CD4+/CD45RO+ Memory T Cells,
...1624,CD4+/CD45RO+ Memory T Cells,
...1625,CD4+/CD45RO+ Memory T Cells,
...1626,CD4+/CD45RO+ Memory T Cells,
...1627,CD4+/CD45RO+ Memory T Cells,
...1628,CD4+/CD45RO+ Memory T Cells,
...1629,CD4+/CD45RO+ Memory T Cells,
...1630,CD4+/CD45RO+ Memory T Cells,
...1631,CD4+/CD45RO+ Memory T Cells,
...1632,CD4+/CD45RO+ Memory T Cells,
...1633,CD4+/CD45RO+ Memory T Cells,
...1634,CD4+/CD45RO+ Memory T Cells,
...1635,CD4+/CD45RO+ Memory T Cells,
...1636,CD4+/CD45RO+ Memory T Cells,
...1637,CD4+/CD45RO+ Memory T Cells,
...1638,CD4+/CD45RO+ Memory T Cells,
...1639,CD4+/CD45RO+ Memory T Cells,
...1640,CD4+/CD45RO+ Memory T Cells,
...1641,CD4+/CD45RO+ Memory T Cells,
...1642,CD4+/CD45RO+ Memory T Cells,
...1643,CD4+/CD45RO+ Memory T Cells,
...1644,CD4+/CD45RO+ Memory T Cells,
...1645,CD4+/CD45RO+ Memory T Cells,
...1646,CD4+/CD45RO+ Memory T Cells,
...1647,CD4+/CD45RO+ Memory T Cells,
...1648,CD4+/CD45RO+ Memory T Cells,
...1649,CD4+/CD45RO+ Memory T Cells,
...1650,CD4+/CD45RO+ Memory T Cells,
...1651,CD4+/CD45RO+ Memory T Cells,
...1652,CD4+/CD45RO+ Memory T Cells,
...1653,CD4+/CD45RO+ Memory T Cells,
...1654,CD4+/CD45RO+ Memory T Cells,
...1655,CD4+/CD45RO+ Memory T Cells,
...1656,CD4+/CD45RO+ Memory T Cells,
...1657,CD4+/CD45RO+ Memory T Cells,
...1658,CD4+/CD45RO+ Memory T Cells,
...1659,CD4+/CD45RO+ Memory T Cells,
...1660,CD4+/CD45RO+ Memory T Cells,
...1661,CD4+/CD45RO+ Memory T Cells,
...1662,CD4+/CD45RO+ Memory T Cells,
...1663,CD4+/CD45RO+ Memory T Cells,
...1664,CD4+/CD45RO+ Memory T Cells,
...1665,CD4+/CD45RO+ Memory T Cells,
...1666,CD4+/CD45RO+ Memory T Cells,
...1667,CD4+/CD45RO+ Memory T Cells,
...1668,CD4+/CD45RO+ Memory T Cells,
...1669,CD4+/CD45RO+ Memory T Cells,
...1670,CD4+/CD45RO+ Memory T Cells,
...1671,CD4+/CD45RO+ Memory T Cells,
...1672,CD4+/CD45RO+ Memory T Cells,
...1673,CD4+/CD45RO+ Memory T Cells,
...1674,CD4+/CD45RO+ Memory T Cells,
...1675,CD4+/CD45RO+ Memory T Cells,
...1676,CD4+/CD45RO+ Memory T Cells,
...1677,CD4+/CD45RO+ Memory T Cells,
...1678,CD4+/CD45RO+ Memory T Cells,
...1679,CD4+/CD45RO+ Memory T Cells,
...1680,CD4+/CD45RO+ Memory T Cells,
...1681,CD4+/CD45RO+ Memory T Cells,
...1682,CD4+/CD45RO+ Memory T Cells,
...1683,CD4+/CD45RO+ Memory T Cells,
...1684,CD4+/CD45RO+ Memory T Cells,
...1685,CD4+/CD45RO+ Memory T Cells,
...1686,CD4+/CD45RO+ Memory T Cells,
...1687,CD4+/CD45RO+ Memory T Cells,
...1688,CD4+/CD45RO+ Memory T Cells,
...1689,CD4+/CD45RO+ Memory T Cells,
...1690,CD4+/CD45RO+ Memory T Cells,
...1691,CD4+/CD45RO+ Memory T Cells,
...1692,CD4+/CD45RO+ Memory T Cells,
...1693,CD4+/CD45RO+ Memory T Cells,
...1694,CD4+/CD45RO+ Memory T Cells,
...1695,CD4+/CD45RO+ Memory T Cells,
...1696,CD4+/CD45RO+ Memory T Cells,
...1697,CD4+/CD45RO+ Memory T Cells,
...1698,CD4+/CD45RO+ Memory T Cells,
...1699,CD4+/CD45RO+ Memory T Cells,
...1700,CD4+/CD45RO+ Memory T Cells,
...1701,CD4+/CD45RO+ Memory T Cells,
...1702,CD4+/CD45RO+ Memory T Cells,
...1703,CD4+/CD45RO+ Memory T Cells,
...1704,CD4+/CD45RO+ Memory T Cells,
...1705,CD4+/CD45RO+ Memory T Cells,
...1706,CD4+/CD45RO+ Memory T Cells,
...1707,CD4+/CD45RO+ Memory T Cells,
...1708,CD4+/CD45RO+ Memory T Cells,
...1709,CD4+/CD45RO+ Memory T Cells,
...1710,CD4+/CD45RO+ Memory T Cells,
...1711,CD4+/CD45RO+ Memory T Cells,
...1712,CD4+/CD45RO+ Memory T Cells,
...1713,CD4+/CD45RO+ Memory T Cells,
...1714,CD4+/CD45RO+ Memory T Cells,
...1715,CD4+/CD45RO+ Memory T Cells,
...1716,CD4+/CD45RO+ Memory T Cells,
...1717,CD4+/CD45RO+ Memory T Cells,
...1718,CD4+/CD45RO+ Memory T Cells,
...1719,CD4+/CD45RO+ Memory T Cells,
...1720,CD4+/CD45RO+ Memory T Cells,
...1721,CD4+/CD45RO+ Memory T Cells,
...1722,CD4+/CD45RO+ Memory T Cells,
...1723,CD4+/CD45RO+ Memory T Cells,
...1724,CD4+/CD45RO+ Memory T Cells,
...1725,CD4+/CD45RO+ Memory T Cells,
...1726,CD4+/CD45RO+ Memory T Cells,
...1727,CD4+/CD45RO+ Memory T Cells,
...1728,CD4+/CD45RO+ Memory T Cells,
...1729,CD4+/CD45RO+ Memory T Cells,
...1730,CD4+/CD45RO+ Memory T Cells,
...1731,CD4+/CD45RO+ Memory T Cells,
...1732,CD4+/CD45RO+ Memory T Cells,
...1733,CD4+/CD45RO+ Memory T Cells,
...1734,CD4+/CD45RO+ Memory T Cells,
...1735,CD4+/CD45RO+ Memory T Cells,
...1736,CD4+/CD45RO+ Memory T Cells,
...1737,CD4+/CD45RO+ Memory T Cells,
...1738,CD4+/CD45RO+ Memory T Cells,
...1739,CD4+/CD45RO+ Memory T Cells,
...1740,CD4+/CD45RO+ Memory T Cells,
...1741,CD4+/CD45RO+ Memory T Cells,
...1742,CD4+/CD45RO+ Memory T Cells,
...1743,CD4+/CD45RO+ Memory T Cells,
...1744,CD4+/CD45RO+ Memory T Cells,
...1745,CD4+/CD45RO+ Memory T Cells,
...1746,CD4+/CD45RO+ Memory T Cells,
...1747,CD4+/CD45RO+ Memory T Cells,
...1748,CD4+/CD45RO+ Memory T Cells,
...1749,CD4+/CD45RO+ Memory T Cells,
...1750,CD4+/CD45RO+ Memory T Cells,
...1751,CD4+/CD45RO+ Memory T Cells,
...1752,CD4+/CD45RO+ Memory T Cells,
...1753,CD4+/CD45RO+ Memory T Cells,
...1754,CD4+/CD45RO+ Memory T Cells,
...1755,CD4+/CD45RO+ Memory T Cells,
...1756,CD4+/CD45RO+ Memory T Cells,
...1757,CD4+/CD45RO+ Memory T Cells,
...1758,CD4+/CD45RO+ Memory T Cells,
...1759,CD4+/CD45RO+ Memory T Cells,
...1760,CD4+/CD45RO+ Memory T Cells,
...1761,CD4+/CD45RO+ Memory T Cells,
...1762,CD4+/CD45RO+ Memory T Cells,
...1763,CD4+/CD45RO+ Memory T Cells,
...1764,CD4+/CD45RO+ Memory T Cells,
...1765,CD4+/CD45RO+ Memory T Cells,
...1766,CD4+/CD45RO+ Memory T Cells,
...1767,CD4+/CD45RO+ Memory T Cells,
...1768,CD4+/CD45RO+ Memory T Cells,
...1769,CD4+/CD45RO+ Memory T Cells,
...1770,CD4+/CD45RO+ Memory T Cells,
...1771,CD4+/CD45RO+ Memory T Cells,
...1772,CD4+/CD45RO+ Memory T Cells,
...1773,CD4+/CD45RO+ Memory T Cells,
...1774,CD4+/CD45RO+ Memory T Cells,
...1775,CD4+/CD45RO+ Memory T Cells,
...1776,CD4+/CD45RO+ Memory T Cells,
...1777,CD4+/CD45RO+ Memory T Cells,
...1778,CD4+/CD45RO+ Memory T Cells,
...1779,CD4+/CD45RO+ Memory T Cells,
...1780,CD4+/CD45RO+ Memory T Cells,
...1781,CD4+/CD45RO+ Memory T Cells,
...1782,CD4+/CD45RO+ Memory T Cells,
...1783,CD4+/CD45RO+ Memory T Cells,
...1784,CD4+/CD45RO+ Memory T Cells,
...1785,CD4+/CD45RO+ Memory T Cells,
...1786,CD4+/CD45RO+ Memory T Cells,
...1787,CD4+/CD45RO+ Memory T Cells,
...1788,CD4+/CD45RO+ Memory T Cells,
...1789,CD4+/CD45RO+ Memory T Cells,
...1790,CD4+/CD45RO+ Memory T Cells,
...1791,CD4+/CD45RO+ Memory T Cells,
...1792,CD4+/CD45RO+ Memory T Cells,
...1793,CD4+/CD45RO+ Memory T Cells,
...1794,CD4+/CD45RO+ Memory T Cells,
...1795,CD4+/CD45RO+ Memory T Cells,
...1796,CD4+/CD45RO+ Memory T Cells,
...1797,CD4+/CD45RO+ Memory T Cells,
...1798,CD4+/CD45RO+ Memory T Cells,
...1799,CD4+/CD45RO+ Memory T Cells,
...1800,CD4+/CD45RO+ Memory T Cells,
CD8+ Cytotoxic T cells1,CD8+ Cytotoxic T cells,
CD8+ Cytotoxic T cells2,CD8+ Cytotoxic T cells,
CD8+ Cytotoxic T cells3,CD8+ Cytotoxic T cells,
CD8+ Cytotoxic T cells4,CD8+ Cytotoxic T cells,
CD8+ Cytotoxic T cells5,CD8+ Cytotoxic T cells,
CD8+ Cytotoxic T cells6,CD8+ Cytotoxic T cells,
CD8+ Cytotoxic T cells7,CD8+ Cytotoxic T cells,
CD8+ Cytotoxic T cells8,CD8+ Cytotoxic T cells,
CD8+ Cytotoxic T cells9,CD8+ Cytotoxic T cells,
CD8+ Cytotoxic T cells10,CD8+ Cytotoxic T cells,
...1811,CD8+ Cytotoxic T cells,
...1812,CD8+ Cytotoxic T cells,
...1813,CD8+ Cytotoxic T cells,
...1814,CD8+ Cytotoxic T cells,
...1815,CD8+ Cytotoxic T cells,
...1816,CD8+ Cytotoxic T cells,
...1817,CD8+ Cytotoxic T cells,
...1818,CD8+ Cytotoxic T cells,
...1819,CD8+ Cytotoxic T cells,
...1820,CD8+ Cytotoxic T cells,
...1821,CD8+ Cytotoxic T cells,
...1822,CD8+ Cytotoxic T cells,
...1823,CD8+ Cytotoxic T cells,
...1824,CD8+ Cytotoxic T cells,
...1825,CD8+ Cytotoxic T cells,
...1826,CD8+ Cytotoxic T cells,
...1827,CD8+ Cytotoxic T cells,
...1828,CD8+ Cytotoxic T cells,
...1829,CD8+ Cytotoxic T cells,
...1830,CD8+ Cytotoxic T cells,
...1831,CD8+ Cytotoxic T cells,
...1832,CD8+ Cytotoxic T cells,
...1833,CD8+ Cytotoxic T cells,
...1834,CD8+ Cytotoxic T cells,
...1835,CD8+ Cytotoxic T cells,
...1836,CD8+ Cytotoxic T cells,
...1837,CD8+ Cytotoxic T cells,
...1838,CD8+ Cytotoxic T cells,
...1839,CD8+ Cytotoxic T cells,
...1840,CD8+ Cytotoxic T cells,
...1841,CD8+ Cytotoxic T cells,
...1842,CD8+ Cytotoxic T cells,
...1843,CD8+ Cytotoxic T cells,
...1844,CD8+ Cytotoxic T cells,
...1845,CD8+ Cytotoxic T cells,
...1846,CD8+ Cytotoxic T cells,
...1847,CD8+ Cytotoxic T cells,
...1848,CD8+ Cytotoxic T cells,
...1849,CD8+ Cytotoxic T cells,
...1850,CD8+ Cytotoxic T cells,
...1851,CD8+ Cytotoxic T cells,
...1852,CD8+ Cytotoxic T cells,
...1853,CD8+ Cytotoxic T cells,
...1854,CD8+ Cytotoxic T cells,
...1855,CD8+ Cytotoxic T cells,
...1856,CD8+ Cytotoxic T cells,
...1857,CD8+ Cytotoxic T cells,
...1858,CD8+ Cytotoxic T cells,
...1859,CD8+ Cytotoxic T cells,
...1860,CD8+ Cytotoxic T cells,
...1861,CD8+ Cytotoxic T cells,
...1862,CD8+ Cytotoxic T cells,
...1863,CD8+ Cytotoxic T cells,
...1864,CD8+ Cytotoxic T cells,
...1865,CD8+ Cytotoxic T cells,
...1866,CD8+ Cytotoxic T cells,
...1867,CD8+ Cytotoxic T cells,
...1868,CD8+ Cytotoxic T cells,
...1869,CD8+ Cytotoxic T cells,
...1870,CD8+ Cytotoxic T cells,
...1871,CD8+ Cytotoxic T cells,
...1872,CD8+ Cytotoxic T cells,
...1873,CD8+ Cytotoxic T cells,
...1874,CD8+ Cytotoxic T cells,
...1875,CD8+ Cytotoxic T cells,
...1876,CD8+ Cytotoxic T cells,
...1877,CD8+ Cytotoxic T cells,
...1878,CD8+ Cytotoxic T cells,
...1879,CD8+ Cytotoxic T cells,
...1880,CD8+ Cytotoxic T cells,
...1881,CD8+ Cytotoxic T cells,
...1882,CD8+ Cytotoxic T cells,
...1883,CD8+ Cytotoxic T cells,
...1884,CD8+ Cytotoxic T cells,
...1885,CD8+ Cytotoxic T cells,
...1886,CD8+ Cytotoxic T cells,
...1887,CD8+ Cytotoxic T cells,
...1888,CD8+ Cytotoxic T cells,
...1889,CD8+ Cytotoxic T cells,
...1890,CD8+ Cytotoxic T cells,
...1891,CD8+ Cytotoxic T cells,
...1892,CD8+ Cytotoxic T cells,
...1893,CD8+ Cytotoxic T cells,
...1894,CD8+ Cytotoxic T cells,
...1895,CD8+ Cytotoxic T cells,
...1896,CD8+ Cytotoxic T cells,
...1897,CD8+ Cytotoxic T cells,
...1898,CD8+ Cytotoxic T cells,
...1899,CD8+ Cytotoxic T cells,
...1900,CD8+ Cytotoxic T cells,
...1901,CD8+ Cytotoxic T cells,
...1902,CD8+ Cytotoxic T cells,
...1903,CD8+ Cytotoxic T cells,
...1904,CD8+ Cytotoxic T cells,
...1905,CD8+ Cytotoxic T cells,
...1906,CD8+ Cytotoxic T cells,
...1907,CD8+ Cytotoxic T cells,
...1908,CD8+ Cytotoxic T cells,
...1909,CD8+ Cytotoxic T cells,
...1910,CD8+ Cytotoxic T cells,
...1911,CD8+ Cytotoxic T cells,
...1912,CD8+ Cytotoxic T cells,
...1913,CD8+ Cytotoxic T cells,
...1914,CD8+ Cytotoxic T cells,
...1915,CD8+ Cytotoxic T cells,
...1916,CD8+ Cytotoxic T cells,
...1917,CD8+ Cytotoxic T cells,
...1918,CD8+ Cytotoxic T cells,
...1919,CD8+ Cytotoxic T cells,
...1920,CD8+ Cytotoxic T cells,
...1921,CD8+ Cytotoxic T cells,
...1922,CD8+ Cytotoxic T cells,
...1923,CD8+ Cytotoxic T cells,
...1924,CD8+ Cytotoxic T cells,
...1925,CD8+ Cytotoxic T cells,
...1926,CD8+ Cytotoxic T cells,
...1927,CD8+ Cytotoxic T cells,
...1928,CD8+ Cytotoxic T cells,
...1929,CD8+ Cytotoxic T cells,
...1930,CD8+ Cytotoxic T cells,
...1931,CD8+ Cytotoxic T cells,
...1932,CD8+ Cytotoxic T cells,
...1933,CD8+ Cytotoxic T cells,
...1934,CD8+ Cytotoxic T cells,
...1935,CD8+ Cytotoxic T cells,
...1936,CD8+ Cytotoxic T cells,
...1937,CD8+ Cytotoxic T cells,
...1938,CD8+ Cytotoxic T cells,
...1939,CD8+ Cytotoxic T cells,
...1940,CD8+ Cytotoxic T cells,
...1941,CD8+ Cytotoxic T cells,
...1942,CD8+ Cytotoxic T cells,
...1943,CD8+ Cytotoxic T cells,
...1944,CD8+ Cytotoxic T cells,
...1945,CD8+ Cytotoxic T cells,
...1946,CD8+ Cytotoxic T cells,
...1947,CD8+ Cytotoxic T cells,
...1948,CD8+ Cytotoxic T cells,
...1949,CD8+ Cytotoxic T cells,
...1950,CD8+ Cytotoxic T cells,
...1951,CD8+ Cytotoxic T cells,
...1952,CD8+ Cytotoxic T cells,
...1953,CD8+ Cytotoxic T cells,
...1954,CD8+ Cytotoxic T cells,
...1955,CD8+ Cytotoxic T cells,
...1956,CD8+ Cytotoxic T cells,
...1957,CD8+ Cytotoxic T cells,
...1958,CD8+ Cytotoxic T cells,
...1959,CD8+ Cytotoxic T cells,
...1960,CD8+ Cytotoxic T cells,
...1961,CD8+ Cytotoxic T cells,
...1962,CD8+ Cytotoxic T cells,
...1963,CD8+ Cytotoxic T cells,
...1964,CD8+ Cytotoxic T cells,
...1965,CD8+ Cytotoxic T cells,
...1966,CD8+ Cytotoxic T cells,
...1967,CD8+ Cytotoxic T cells,
...1968,CD8+ Cytotoxic T cells,
...1969,CD8+ Cytotoxic T cells,
...1970,CD8+ Cytotoxic T cells,
...1971,CD8+ Cytotoxic T cells,
...1972,CD8+ Cytotoxic T cells,
...1973,CD8+ Cytotoxic T cells,
...1974,CD8+ Cytotoxic T cells,
...1975,CD8+ Cytotoxic T cells,
...1976,CD8+ Cytotoxic T cells,
...1977,CD8+ Cytotoxic T cells,
...1978,CD8+ Cytotoxic T cells,
...1979,CD8+ Cytotoxic T cells,
...1980,CD8+ Cytotoxic T cells,
...1981,CD8+ Cytotoxic T cells,
...1982,CD8+ Cytotoxic T cells,
...1983,CD8+ Cytotoxic T cells,
...1984,CD8+ Cytotoxic T cells,
...1985,CD8+ Cytotoxic T cells,
...1986,CD8+ Cytotoxic T cells,
...1987,CD8+ Cytotoxic T cells,
...1988,CD8+ Cytotoxic T cells,
...1989,CD8+ Cytotoxic T cells,
...1990,CD8+ Cytotoxic T cells,
...1991,CD8+ Cytotoxic T cells,
...1992,CD8+ Cytotoxic T cells,
...1993,CD8+ Cytotoxic T cells,
...1994,CD8+ Cytotoxic T cells,
...1995,CD8+ Cytotoxic T cells,
...1996,CD8+ Cytotoxic T cells,
...1997,CD8+ Cytotoxic T cells,
...1998,CD8+ Cytotoxic T cells,
...1999,CD8+ Cytotoxic T cells,
...2000,CD8+ Cytotoxic T cells,
...2001,CD8+ Cytotoxic T cells,
...2002,CD8+ Cytotoxic T cells,
...2003,CD8+ Cytotoxic T cells,
...2004,CD8+ Cytotoxic T cells,
...2005,CD8+ Cytotoxic T cells,
...2006,CD8+ Cytotoxic T cells,
...2007,CD8+ Cytotoxic T cells,
...2008,CD8+ Cytotoxic T cells,
...2009,CD8+ Cytotoxic T cells,
...2010,CD8+ Cytotoxic T cells,
...2011,CD8+ Cytotoxic T cells,
...2012,CD8+ Cytotoxic T cells,
...2013,CD8+ Cytotoxic T cells,
...2014,CD8+ Cytotoxic T cells,
...2015,CD8+ Cytotoxic T cells,
...2016,CD8+ Cytotoxic T cells,
...2017,CD8+ Cytotoxic T cells,
...2018,CD8+ Cytotoxic T cells,
...2019,CD8+ Cytotoxic T cells,
...2020,CD8+ Cytotoxic T cells,
...2021,CD8+ Cytotoxic T cells,
...2022,CD8+ Cytotoxic T cells,
...2023,CD8+ Cytotoxic T cells,
...2024,CD8+ Cytotoxic T cells,
...2025,CD8+ Cytotoxic T cells,
...2026,CD8+ Cytotoxic T cells,
...2027,CD8+ Cytotoxic T cells,
...2028,CD8+ Cytotoxic T cells,
...2029,CD8+ Cytotoxic T cells,
...2030,CD8+ Cytotoxic T cells,
...2031,CD8+ Cytotoxic T cells,
...2032,CD8+ Cytotoxic T cells,
...2033,CD8+ Cytotoxic T cells,
...2034,CD8+ Cytotoxic T cells,
...2035,CD8+ Cytotoxic T cells,
...2036,CD8+ Cytotoxic T cells,
...2037,CD8+ Cytotoxic T cells,
...2038,CD8+ Cytotoxic T cells,
...2039,CD8+ Cytotoxic T cells,
...2040,CD8+ Cytotoxic T cells,
...2041,CD8+ Cytotoxic T cells,
...2042,CD8+ Cytotoxic T cells,
...2043,CD8+ Cytotoxic T cells,
...2044,CD8+ Cytotoxic T cells,
...2045,CD8+ Cytotoxic T cells,
...2046,CD8+ Cytotoxic T cells,
...2047,CD8+ Cytotoxic T cells,
...2048,CD8+ Cytotoxic T cells,
...2049,CD8+ Cytotoxic T cells,
...2050,CD8+ Cytotoxic T cells,
...2051,CD8+ Cytotoxic T cells,
...2052,CD8+ Cytotoxic T cells,
...2053,CD8+ Cytotoxic T cells,
...2054,CD8+ Cytotoxic T cells,
...2055,CD8+ Cytotoxic T cells,
...2056,CD8+ Cytotoxic T cells,
...2057,CD8+ Cytotoxic T cells,
...2058,CD8+ Cytotoxic T cells,
...2059,CD8+ Cytotoxic T cells,
...2060,CD8+ Cytotoxic T cells,
...2061,CD8+ Cytotoxic T cells,
...2062,CD8+ Cytotoxic T cells,
...2063,CD8+ Cytotoxic T cells,
...2064,CD8+ Cytotoxic T cells,
...2065,CD8+ Cytotoxic T cells,
...2066,CD8+ Cytotoxic T cells,
...2067,CD8+ Cytotoxic T cells,
...2068,CD8+ Cytotoxic T cells,
...2069,CD8+ Cytotoxic T cells,
...2070,CD8+ Cytotoxic T cells,
...2071,CD8+ Cytotoxic T cells,
...2072,CD8+ Cytotoxic T cells,
...2073,CD8+ Cytotoxic T cells,
...2074,CD8+ Cytotoxic T cells,
...2075,CD8+ Cytotoxic T cells,
...2076,CD8+ Cytotoxic T cells,
...2077,CD8+ Cytotoxic T cells,
...2078,CD8+ Cytotoxic T cells,
...2079,CD8+ Cytotoxic T cells,
...2080,CD8+ Cytotoxic T cells,
...2081,CD8+ Cytotoxic T cells,
...2082,CD8+ Cytotoxic T cells,
...2083,CD8+ Cytotoxic T cells,
...2084,CD8+ Cytotoxic T cells,
...2085,CD8+ Cytotoxic T cells,
...2086,CD8+ Cytotoxic T cells,
...2087,CD8+ Cytotoxic T cells,
...2088,CD8+ Cytotoxic T cells,
...2089,CD8+ Cytotoxic T cells,
...2090,CD8+ Cytotoxic T cells,
...2091,CD8+ Cytotoxic T cells,
...2092,CD8+ Cytotoxic T cells,
...2093,CD8+ Cytotoxic T cells,
...2094,CD8+ Cytotoxic T cells,
...2095,CD8+ Cytotoxic T cells,
...2096,CD8+ Cytotoxic T cells,
...2097,CD8+ Cytotoxic T cells,
...2098,CD8+ Cytotoxic T cells,
...2099,CD8+ Cytotoxic T cells,
...2100,CD8+ Cytotoxic T cells,
CD19+ B Cells1,CD19+ B Cells,
CD19+ B Cells2,CD19+ B Cells,
CD19+ B Cells3,CD19+ B Cells,
CD19+ B Cells4,CD19+ B Cells,
CD19+ B Cells5,CD19+ B Cells,
CD19+ B Cells6,CD19+ B Cells,
CD19+ B Cells7,CD19+ B Cells,
CD19+ B Cells8,CD19+ B Cells,
CD19+ B Cells9,CD19+ B Cells,
CD19+ B Cells10,CD19+ B Cells,
...2111,CD19+ B Cells,
...2112,CD19+ B Cells,
...2113,CD19+ B Cells,
...2114,CD19+ B Cells,
...2115,CD19+ B Cells,
...2116,CD19+ B Cells,
...2117,CD19+ B Cells,
...2118,CD19+ B Cells,
...2119,CD19+ B Cells,
...2120,CD19+ B Cells,
...2121,CD19+ B Cells,
...2122,CD19+ B Cells,
...2123,CD19+ B Cells,
...2124,CD19+ B Cells,
...2125,CD19+ B Cells,
...2126,CD19+ B Cells,
...2127,CD19+ B Cells,
...2128,CD19+ B Cells,
...2129,CD19+ B Cells,
...2130,CD19+ B Cells,
...2131,CD19+ B Cells,
...2132,CD19+ B Cells,
...2133,CD19+ B Cells,
...2134,CD19+ B Cells,
...2135,CD19+ B Cells,
...2136,CD19+ B Cells,
...2137,CD19+ B Cells,
...2138,CD19+ B Cells,
...2139,CD19+ B Cells,
...2140,CD19+ B Cells,
...2141,CD19+ B Cells,
...2142,CD19+ B Cells,
...2143,CD19+ B Cells,
...2144,CD19+ B Cells,
...2145,CD19+ B Cells,
...2146,CD19+ B Cells,
...2147,CD19+ B Cells,
...2148,CD19+ B Cells,
...2149,CD19+ B Cells,
...2150,CD19+ B Cells,
...2151,CD19+ B Cells,
...2152,CD19+ B Cells,
...2153,CD19+ B Cells,
...2154,CD19+ B Cells,
...2155,CD19+ B Cells,
...2156,CD19+ B Cells,
...2157,CD19+ B Cells,
...2158,CD19+ B Cells,
...2159,CD19+ B Cells,
...2160,CD19+ B Cells,
...2161,CD19+ B Cells,
...2162,CD19+ B Cells,
...2163,CD19+ B Cells,
...2164,CD19+ B Cells,
...2165,CD19+ B Cells,
...2166,CD19+ B Cells,
...2167,CD19+ B Cells,
...2168,CD19+ B Cells,
...2169,CD19+ B Cells,
...2170,CD19+ B Cells,
...2171,CD19+ B Cells,
...2172,CD19+ B Cells,
...2173,CD19+ B Cells,
...2174,CD19+ B Cells,
...2175,CD19+ B Cells,
...2176,CD19+ B Cells,
...2177,CD19+ B Cells,
...2178,CD19+ B Cells,
...2179,CD19+ B Cells,
...2180,CD19+ B Cells,
...2181,CD19+ B Cells,
...2182,CD19+ B Cells,
...2183,CD19+ B Cells,
...2184,CD19+ B Cells,
...2185,CD19+ B Cells,
...2186,CD19+ B Cells,
...2187,CD19+ B Cells,
...2188,CD19+ B Cells,
...2189,CD19+ B Cells,
...2190,CD19+ B Cells,
...2191,CD19+ B Cells,
...2192,CD19+ B Cells,
...2193,CD19+ B Cells,
...2194,CD19+ B Cells,
...2195,CD19+ B Cells,
...2196,CD19+ B Cells,
...2197,CD19+ B Cells,
...2198,CD19+ B Cells,
...2199,CD19+ B Cells,
...2200,CD19+ B Cells,
...2201,CD19+ B Cells,
...2202,CD19+ B Cells,
...2203,CD19+ B Cells,
...2204,CD19+ B Cells,
...2205,CD19+ B Cells,
...2206,CD19+ B Cells,
...2207,CD19+ B Cells,
...2208,CD19+ B Cells,
...2209,CD19+ B Cells,
...2210,CD19+ B Cells,
...2211,CD19+ B Cells,
...2212,CD19+ B Cells,
...2213,CD19+ B Cells,
...2214,CD19+ B Cells,
...2215,CD19+ B Cells,
...2216,CD19+ B Cells,
...2217,CD19+ B Cells,
...2218,CD19+ B Cells,
...2219,CD19+ B Cells,
...2220,CD19+ B Cells,
...2221,CD19+ B Cells,
...2222,CD19+ B Cells,
...2223,CD19+ B Cells,
...2224,CD19+ B Cells,
...2225,CD19+ B Cells,
...2226,CD19+ B Cells,
...2227,CD19+ B Cells,
...2228,CD19+ B Cells,
...2229,CD19+ B Cells,
...2230,CD19+ B Cells,
...2231,CD19+ B Cells,
...2232,CD19+ B Cells,
...2233,CD19+ B Cells,
...2234,CD19+ B Cells,
...2235,CD19+ B Cells,
...2236,CD19+ B Cells,
...2237,CD19+ B Cells,
...2238,CD19+ B Cells,
...2239,CD19+ B Cells,
...2240,CD19+ B Cells,
...2241,CD19+ B Cells,
...2242,CD19+ B Cells,
...2243,CD19+ B Cells,
...2244,CD19+ B Cells,
...2245,CD19+ B Cells,
...2246,CD19+ B Cells,
...2247,CD19+ B Cells,
...2248,CD19+ B Cells,
...2249,CD19+ B Cells,
...2250,CD19+ B Cells,
...2251,CD19+ B Cells,
...2252,CD19+ B Cells,
...2253,CD19+ B Cells,
...2254,CD19+ B Cells,
...2255,CD19+ B Cells,
...2256,CD19+ B Cells,
...2257,CD19+ B Cells,
...2258,CD19+ B Cells,
...2259,CD19+ B Cells,
...2260,CD19+ B Cells,
...2261,CD19+ B Cells,
...2262,CD19+ B Cells,
...2263,CD19+ B Cells,
...2264,CD19+ B Cells,
...2265,CD19+ B Cells,
...2266,CD19+ B Cells,
...2267,CD19+ B Cells,
...2268,CD19+ B Cells,
...2269,CD19+ B Cells,
...2270,CD19+ B Cells,
...2271,CD19+ B Cells,
...2272,CD19+ B Cells,
...2273,CD19+ B Cells,
...2274,CD19+ B Cells,
...2275,CD19+ B Cells,
...2276,CD19+ B Cells,
...2277,CD19+ B Cells,
...2278,CD19+ B Cells,
...2279,CD19+ B Cells,
...2280,CD19+ B Cells,
...2281,CD19+ B Cells,
...2282,CD19+ B Cells,
...2283,CD19+ B Cells,
...2284,CD19+ B Cells,
...2285,CD19+ B Cells,
...2286,CD19+ B Cells,
...2287,CD19+ B Cells,
...2288,CD19+ B Cells,
...2289,CD19+ B Cells,
...2290,CD19+ B Cells,
...2291,CD19+ B Cells,
...2292,CD19+ B Cells,
...2293,CD19+ B Cells,
...2294,CD19+ B Cells,
...2295,CD19+ B Cells,
...2296,CD19+ B Cells,
...2297,CD19+ B Cells,
...2298,CD19+ B Cells,
...2299,CD19+ B Cells,
...2300,CD19+ B Cells,
...2301,CD19+ B Cells,
...2302,CD19+ B Cells,
...2303,CD19+ B Cells,
...2304,CD19+ B Cells,
...2305,CD19+ B Cells,
...2306,CD19+ B Cells,
...2307,CD19+ B Cells,
...2308,CD19+ B Cells,
...2309,CD19+ B Cells,
...2310,CD19+ B Cells,
...2311,CD19+ B Cells,
...2312,CD19+ B Cells,
...2313,CD19+ B Cells,
...2314,CD19+ B Cells,
...2315,CD19+ B Cells,
...2316,CD19+ B Cells,
...2317,CD19+ B Cells,
...2318,CD19+ B Cells,
...2319,CD19+ B Cells,
...2320,CD19+ B Cells,
...2321,CD19+ B Cells,
...2322,CD19+ B Cells,
...2323,CD19+ B Cells,
...2324,CD19+ B Cells,
...2325,CD19+ B Cells,
...2326,CD19+ B Cells,
...2327,CD19+ B Cells,
...2328,CD19+ B Cells,
...2329,CD19+ B Cells,
...2330,CD19+ B Cells,
...2331,CD19+ B Cells,
...2332,CD19+ B Cells,
...2333,CD19+ B Cells,
...2334,CD19+ B Cells,
...2335,CD19+ B Cells,
...2336,CD19+ B Cells,
...2337,CD19+ B Cells,
...2338,CD19+ B Cells,
...2339,CD19+ B Cells,
...2340,CD19+ B Cells,
...2341,CD19+ B Cells,
...2342,CD19+ B Cells,
...2343,CD19+ B Cells,
...2344,CD19+ B Cells,
...2345,CD19+ B Cells,
...2346,CD19+ B Cells,
...2347,CD19+ B Cells,
...2348,CD19+ B Cells,
...2349,CD19+ B Cells,
...2350,CD19+ B Cells,
...2351,CD19+ B Cells,
...2352,CD19+ B Cells,
...2353,CD19+ B Cells,
...2354,CD19+ B Cells,
...2355,CD19+ B Cells,
...2356,CD19+ B Cells,
...2357,CD19+ B Cells,
...2358,CD19+ B Cells,
...2359,CD19+ B Cells,
...2360,CD19+ B Cells,
...2361,CD19+ B Cells,
...2362,CD19+ B Cells,
...2363,CD19+ B Cells,
...2364,CD19+ B Cells,
...2365,CD19+ B Cells,
...2366,CD19+ B Cells,
...2367,CD19+ B Cells,
...2368,CD19+ B Cells,
...2369,CD19+ B Cells,
...2370,CD19+ B Cells,
...2371,CD19+ B Cells,
...2372,CD19+ B Cells,
...2373,CD19+ B Cells,
...2374,CD19+ B Cells,
...2375,CD19+ B Cells,
...2376,CD19+ B Cells,
...2377,CD19+ B Cells,
...2378,CD19+ B Cells,
...2379,CD19+ B Cells,
...2380,CD19+ B Cells,
...2381,CD19+ B Cells,
...2382,CD19+ B Cells,
...2383,CD19+ B Cells,
...2384,CD19+ B Cells,
...2385,CD19+ B Cells,
...2386,CD19+ B Cells,
...2387,CD19+ B Cells,
...2388,CD19+ B Cells,
...2389,CD19+ B Cells,
...2390,CD19+ B Cells,
...2391,CD19+ B Cells,
...2392,CD19+ B Cells,
...2393,CD19+ B Cells,
...2394,CD19+ B Cells,
...2395,CD19+ B Cells,
...2396,CD19+ B Cells,
...2397,CD19+ B Cells,
...2398,CD19+ B Cells,
...2399,CD19+ B Cells,
...2400,CD19+ B Cells,
CD4+ Helper Cells_21,CD4+ Helper Cells_2,
CD4+ Helper Cells_22,CD4+ Helper Cells_2,
CD4+ Helper Cells_23,CD4+ Helper Cells_2,
CD4+ Helper Cells_24,CD4+ Helper Cells_2,
CD4+ Helper Cells_25,CD4+ Helper Cells_2,
CD4+ Helper Cells_26,CD4+ Helper Cells_2,
CD4+ Helper Cells_27,CD4+ Helper Cells_2,
CD4+ Helper Cells_28,CD4+ Helper Cells_2,
CD4+ Helper Cells_29,CD4+ Helper Cells_2,
CD4+ Helper Cells_210,CD4+ Helper Cells_2,
...2411,CD4+ Helper Cells_2,
...2412,CD4+ Helper Cells_2,
...2413,CD4+ Helper Cells_2,
...2414,CD4+ Helper Cells_2,
...2415,CD4+ Helper Cells_2,
...2416,CD4+ Helper Cells_2,
...2417,CD4+ Helper Cells_2,
...2418,CD4+ Helper Cells_2,
...2419,CD4+ Helper Cells_2,
...2420,CD4+ Helper Cells_2,
...2421,CD4+ Helper Cells_2,
...2422,CD4+ Helper Cells_2,
...2423,CD4+ Helper Cells_2,
...2424,CD4+ Helper Cells_2,
...2425,CD4+ Helper Cells_2,
...2426,CD4+ Helper Cells_2,
...2427,CD4+ Helper Cells_2,
...2428,CD4+ Helper Cells_2,
...2429,CD4+ Helper Cells_2,
...2430,CD4+ Helper Cells_2,
...2431,CD4+ Helper Cells_2,
...2432,CD4+ Helper Cells_2,
...2433,CD4+ Helper Cells_2,
...2434,CD4+ Helper Cells_2,
...2435,CD4+ Helper Cells_2,
...2436,CD4+ Helper Cells_2,
...2437,CD4+ Helper Cells_2,
...2438,CD4+ Helper Cells_2,
...2439,CD4+ Helper Cells_2,
...2440,CD4+ Helper Cells_2,
...2441,CD4+ Helper Cells_2,
...2442,CD4+ Helper Cells_2,
...2443,CD4+ Helper Cells_2,
...2444,CD4+ Helper Cells_2,
...2445,CD4+ Helper Cells_2,
...2446,CD4+ Helper Cells_2,
...2447,CD4+ Helper Cells_2,
...2448,CD4+ Helper Cells_2,
...2449,CD4+ Helper Cells_2,
...2450,CD4+ Helper Cells_2,
...2451,CD4+ Helper Cells_2,
...2452,CD4+ Helper Cells_2,
...2453,CD4+ Helper Cells_2,
...2454,CD4+ Helper Cells_2,
...2455,CD4+ Helper Cells_2,
...2456,CD4+ Helper Cells_2,
...2457,CD4+ Helper Cells_2,
...2458,CD4+ Helper Cells_2,
...2459,CD4+ Helper Cells_2,
...2460,CD4+ Helper Cells_2,
...2461,CD4+ Helper Cells_2,
...2462,CD4+ Helper Cells_2,
...2463,CD4+ Helper Cells_2,
...2464,CD4+ Helper Cells_2,
...2465,CD4+ Helper Cells_2,
...2466,CD4+ Helper Cells_2,
...2467,CD4+ Helper Cells_2,
...2468,CD4+ Helper Cells_2,
...2469,CD4+ Helper Cells_2,
...2470,CD4+ Helper Cells_2,
...2471,CD4+ Helper Cells_2,
...2472,CD4+ Helper Cells_2,
...2473,CD4+ Helper Cells_2,
...2474,CD4+ Helper Cells_2,
...2475,CD4+ Helper Cells_2,
...2476,CD4+ Helper Cells_2,
...2477,CD4+ Helper Cells_2,
...2478,CD4+ Helper Cells_2,
...2479,CD4+ Helper Cells_2,
...2480,CD4+ Helper Cells_2,
...2481,CD4+ Helper Cells_2,
...2482,CD4+ Helper Cells_2,
...2483,CD4+ Helper Cells_2,
...2484,CD4+ Helper Cells_2,
...2485,CD4+ Helper Cells_2,
...2486,CD4+ Helper Cells_2,
...2487,CD4+ Helper Cells_2,
...2488,CD4+ Helper Cells_2,
...2489,CD4+ Helper Cells_2,
...2490,CD4+ Helper Cells_2,
...2491,CD4+ Helper Cells_2,
...2492,CD4+ Helper Cells_2,
...2493,CD4+ Helper Cells_2,
...2494,CD4+ Helper Cells_2,
...2495,CD4+ Helper Cells_2,
...2496,CD4+ Helper Cells_2,
...2497,CD4+ Helper Cells_2,
...2498,CD4+ Helper Cells_2,
...2499,CD4+ Helper Cells_2,
...2500,CD4+ Helper Cells_2,
...2501,CD4+ Helper Cells_2,
...2502,CD4+ Helper Cells_2,
...2503,CD4+ Helper Cells_2,
...2504,CD4+ Helper Cells_2,
...2505,CD4+ Helper Cells_2,
...2506,CD4+ Helper Cells_2,
...2507,CD4+ Helper Cells_2,
...2508,CD4+ Helper Cells_2,
...2509,CD4+ Helper Cells_2,
...2510,CD4+ Helper Cells_2,
...2511,CD4+ Helper Cells_2,
...2512,CD4+ Helper Cells_2,
...2513,CD4+ Helper Cells_2,
...2514,CD4+ Helper Cells_2,
...2515,CD4+ Helper Cells_2,
...2516,CD4+ Helper Cells_2,
...2517,CD4+ Helper Cells_2,
...2518,CD4+ Helper Cells_2,
...2519,CD4+ Helper Cells_2,
...2520,CD4+ Helper Cells_2,
...2521,CD4+ Helper Cells_2,
...2522,CD4+ Helper Cells_2,
...2523,CD4+ Helper Cells_2,
...2524,CD4+ Helper Cells_2,
...2525,CD4+ Helper Cells_2,
...2526,CD4+ Helper Cells_2,
...2527,CD4+ Helper Cells_2,
...2528,CD4+ Helper Cells_2,
...2529,CD4+ Helper Cells_2,
...2530,CD4+ Helper Cells_2,
...2531,CD4+ Helper Cells_2,
...2532,CD4+ Helper Cells_2,
...2533,CD4+ Helper Cells_2,
...2534,CD4+ Helper Cells_2,
...2535,CD4+ Helper Cells_2,
...2536,CD4+ Helper Cells_2,
...2537,CD4+ Helper Cells_2,
...2538,CD4+ Helper Cells_2,
...2539,CD4+ Helper Cells_2,
...2540,CD4+ Helper Cells_2,
...2541,CD4+ Helper Cells_2,
...2542,CD4+ Helper Cells_2,
...2543,CD4+ Helper Cells_2,
...2544,CD4+ Helper Cells_2,
...2545,CD4+ Helper Cells_2,
...2546,CD4+ Helper Cells_2,
...2547,CD4+ Helper Cells_2,
...2548,CD4+ Helper Cells_2,
...2549,CD4+ Helper Cells_2,
...2550,CD4+ Helper Cells_2,
...2551,CD4+ Helper Cells_2,
...2552,CD4+ Helper Cells_2,
...2553,CD4+ Helper Cells_2,
...2554,CD4+ Helper Cells_2,
...2555,CD4+ Helper Cells_2,
...2556,CD4+ Helper Cells_2,
...2557,CD4+ Helper Cells_2,
...2558,CD4+ Helper Cells_2,
...2559,CD4+ Helper Cells_2,
...2560,CD4+ Helper Cells_2,
...2561,CD4+ Helper Cells_2,
...2562,CD4+ Helper Cells_2,
...2563,CD4+ Helper Cells_2,
...2564,CD4+ Helper Cells_2,
...2565,CD4+ Helper Cells_2,
...2566,CD4+ Helper Cells_2,
...2567,CD4+ Helper Cells_2,
...2568,CD4+ Helper Cells_2,
...2569,CD4+ Helper Cells_2,
...2570,CD4+ Helper Cells_2,
...2571,CD4+ Helper Cells_2,
...2572,CD4+ Helper Cells_2,
...2573,CD4+ Helper Cells_2,
...2574,CD4+ Helper Cells_2,
...2575,CD4+ Helper Cells_2,
...2576,CD4+ Helper Cells_2,
...2577,CD4+ Helper Cells_2,
...2578,CD4+ Helper Cells_2,
...2579,CD4+ Helper Cells_2,
...2580,CD4+ Helper Cells_2,
...2581,CD4+ Helper Cells_2,
...2582,CD4+ Helper Cells_2,
...2583,CD4+ Helper Cells_2,
...2584,CD4+ Helper Cells_2,
...2585,CD4+ Helper Cells_2,
...2586,CD4+ Helper Cells_2,
...2587,CD4+ Helper Cells_2,
...2588,CD4+ Helper Cells_2,
...2589,CD4+ Helper Cells_2,
...2590,CD4+ Helper Cells_2,
...2591,CD4+ Helper Cells_2,
...2592,CD4+ Helper Cells_2,
...2593,CD4+ Helper Cells_2,
...2594,CD4+ Helper Cells_2,
...2595,CD4+ Helper Cells_2,
...2596,CD4+ Helper Cells_2,
...2597,CD4+ Helper Cells_2,
...2598,CD4+ Helper Cells_2,
...2599,CD4+ Helper Cells_2,
...2600,CD4+ Helper Cells_2,
...2601,CD4+ Helper Cells_2,
...2602,CD4+ Helper Cells_2,
...2603,CD4+ Helper Cells_2,
...2604,CD4+ Helper Cells_2,
...2605,CD4+ Helper Cells_2,
...2606,CD4+ Helper Cells_2,
...2607,CD4+ Helper Cells_2,
...2608,CD4+ Helper Cells_2,
...2609,CD4+ Helper Cells_2,
...2610,CD4+ Helper Cells_2,
...2611,CD4+ Helper Cells_2,
...2612,CD4+ Helper Cells_2,
...2613,CD4+ Helper Cells_2,
...2614,CD4+ Helper Cells_2,
...2615,CD4+ Helper Cells_2,
...2616,CD4+ Helper Cells_2,
...2617,CD4+ Helper Cells_2,
...2618,CD4+ Helper Cells_2,
...2619,CD4+ Helper Cells_2,
...2620,CD4+ Helper Cells_2,
...2621,CD4+ Helper Cells_2,
...2622,CD4+ Helper Cells_2,
...2623,CD4+ Helper Cells_2,
...2624,CD4+ Helper Cells_2,
...2625,CD4+ Helper Cells_2,
...2626,CD4+ Helper Cells_2,
...2627,CD4+ Helper Cells_2,
...2628,CD4+ Helper Cells_2,
...2629,CD4+ Helper Cells_2,
...2630,CD4+ Helper Cells_2,
...2631,CD4+ Helper Cells_2,
...2632,CD4+ Helper Cells_2,
...2633,CD4+ Helper Cells_2,
...2634,CD4+ Helper Cells_2,
...2635,CD4+ Helper Cells_2,
...2636,CD4+ Helper Cells_2,
...2637,CD4+ Helper Cells_2,
...2638,CD4+ Helper Cells_2,
...2639,CD4+ Helper Cells_2,
...2640,CD4+ Helper Cells_2,
...2641,CD4+ Helper Cells_2,
...2642,CD4+ Helper Cells_2,
...2643,CD4+ Helper Cells_2,
...2644,CD4+ Helper Cells_2,
...2645,CD4+ Helper Cells_2,
...2646,CD4+ Helper Cells_2,
...2647,CD4+ Helper Cells_2,
...2648,CD4+ Helper Cells_2,
...2649,CD4+ Helper Cells_2,
...2650,CD4+ Helper Cells_2,
...2651,CD4+ Helper Cells_2,
...2652,CD4+ Helper Cells_2,
...2653,CD4+ Helper Cells_2,
...2654,CD4+ Helper Cells_2,
...2655,CD4+ Helper Cells_2,
...2656,CD4+ Helper Cells_2,
...2657,CD4+ Helper Cells_2,
...2658,CD4+ Helper Cells_2,
...2659,CD4+ Helper Cells_2,
...2660,CD4+ Helper Cells_2,
...2661,CD4+ Helper Cells_2,
...2662,CD4+ Helper Cells_2,
...2663,CD4+ Helper Cells_2,
...2664,CD4+ Helper Cells_2,
...2665,CD4+ Helper Cells_2,
...2666,CD4+ Helper Cells_2,
...2667,CD4+ Helper Cells_2,
...2668,CD4+ Helper Cells_2,
...2669,CD4+ Helper Cells_2,
...2670,CD4+ Helper Cells_2,
...2671,CD4+ Helper Cells_2,
...2672,CD4+ Helper Cells_2,
...2673,CD4+ Helper Cells_2,
...2674,CD4+ Helper Cells_2,
...2675,CD4+ Helper Cells_2,
...2676,CD4+ Helper Cells_2,
...2677,CD4+ Helper Cells_2,
...2678,CD4+ Helper Cells_2,
...2679,CD4+ Helper Cells_2,
...2680,CD4+ Helper Cells_2,
...2681,CD4+ Helper Cells_2,
...2682,CD4+ Helper Cells_2,
...2683,CD4+ Helper Cells_2,
...2684,CD4+ Helper Cells_2,
...2685,CD4+ Helper Cells_2,
...2686,CD4+ Helper Cells_2,
...2687,CD4+ Helper Cells_2,
...2688,CD4+ Helper Cells_2,
...2689,CD4+ Helper Cells_2,
...2690,CD4+ Helper Cells_2,
...2691,CD4+ Helper Cells_2,
...2692,CD4+ Helper Cells_2,
...2693,CD4+ Helper Cells_2,
...2694,CD4+ Helper Cells_2,
...2695,CD4+ Helper Cells_2,
...2696,CD4+ Helper Cells_2,
...2697,CD4+ Helper Cells_2,
...2698,CD4+ Helper Cells_2,
...2699,CD4+ Helper Cells_2,
...2700,CD4+ Helper Cells_2,
CD14+ Monocytes_21,CD14+ Monocytes_2,
CD14+ Monocytes_22,CD14+ Monocytes_2,
CD14+ Monocytes_23,CD14+ Monocytes_2,
CD14+ Monocytes_24,CD14+ Monocytes_2,
CD14+ Monocytes_25,CD14+ Monocytes_2,
CD14+ Monocytes_26,CD14+ Monocytes_2,
CD14+ Monocytes_27,CD14+ Monocytes_2,
CD14+ Monocytes_28,CD14+ Monocytes_2,
CD14+ Monocytes_29,CD14+ Monocytes_2,
CD14+ Monocytes_210,CD14+ Monocytes_2,
...2711,CD14+ Monocytes_2,
...2712,CD14+ Monocytes_2,
...2713,CD14+ Monocytes_2,
...2714,CD14+ Monocytes_2,
...2715,CD14+ Monocytes_2,
...2716,CD14+ Monocytes_2,
...2717,CD14+ Monocytes_2,
...2718,CD14+ Monocytes_2,
...2719,CD14+ Monocytes_2,
...2720,CD14+ Monocytes_2,
...2721,CD14+ Monocytes_2,
...2722,CD14+ Monocytes_2,
...2723,CD14+ Monocytes_2,
...2724,CD14+ Monocytes_2,
...2725,CD14+ Monocytes_2,
...2726,CD14+ Monocytes_2,
...2727,CD14+ Monocytes_2,
...2728,CD14+ Monocytes_2,
...2729,CD14+ Monocytes_2,
...2730,CD14+ Monocytes_2,
...2731,CD14+ Monocytes_2,
...2732,CD14+ Monocytes_2,
...2733,CD14+ Monocytes_2,
...2734,CD14+ Monocytes_2,
...2735,CD14+ Monocytes_2,
...2736,CD14+ Monocytes_2,
...2737,CD14+ Monocytes_2,
...2738,CD14+ Monocytes_2,
...2739,CD14+ Monocytes_2,
...2740,CD14+ Monocytes_2,
...2741,CD14+ Monocytes_2,
...2742,CD14+ Monocytes_2,
...2743,CD14+ Monocytes_2,
...2744,CD14+ Monocytes_2,
...2745,CD14+ Monocytes_2,
...2746,CD14+ Monocytes_2,
...2747,CD14+ Monocytes_2,
...2748,CD14+ Monocytes_2,
...2749,CD14+ Monocytes_2,
...2750,CD14+ Monocytes_2,
...2751,CD14+ Monocytes_2,
...2752,CD14+ Monocytes_2,
...2753,CD14+ Monocytes_2,
...2754,CD14+ Monocytes_2,
...2755,CD14+ Monocytes_2,
...2756,CD14+ Monocytes_2,
...2757,CD14+ Monocytes_2,
...2758,CD14+ Monocytes_2,
...2759,CD14+ Monocytes_2,
...2760,CD14+ Monocytes_2,
...2761,CD14+ Monocytes_2,
...2762,CD14+ Monocytes_2,
...2763,CD14+ Monocytes_2,
...2764,CD14+ Monocytes_2,
...2765,CD14+ Monocytes_2,
...2766,CD14+ Monocytes_2,
...2767,CD14+ Monocytes_2,
...2768,CD14+ Monocytes_2,
...2769,CD14+ Monocytes_2,
...2770,CD14+ Monocytes_2,
...2771,CD14+ Monocytes_2,
...2772,CD14+ Monocytes_2,
...2773,CD14+ Monocytes_2,
...2774,CD14+ Monocytes_2,
...2775,CD14+ Monocytes_2,
...2776,CD14+ Monocytes_2,
...2777,CD14+ Monocytes_2,
...2778,CD14+ Monocytes_2,
...2779,CD14+ Monocytes_2,
...2780,CD14+ Monocytes_2,
...2781,CD14+ Monocytes_2,
...2782,CD14+ Monocytes_2,
...2783,CD14+ Monocytes_2,
...2784,CD14+ Monocytes_2,
...2785,CD14+ Monocytes_2,
...2786,CD14+ Monocytes_2,
...2787,CD14+ Monocytes_2,
...2788,CD14+ Monocytes_2,
...2789,CD14+ Monocytes_2,
...2790,CD14+ Monocytes_2,
...2791,CD14+ Monocytes_2,
...2792,CD14+ Monocytes_2,
...2793,CD14+ Monocytes_2,
...2794,CD14+ Monocytes_2,
...2795,CD14+ Monocytes_2,
...2796,CD14+ Monocytes_2,
...2797,CD14+ Monocytes_2,
...2798,CD14+ Monocytes_2,
...2799,CD14+ Monocytes_2,
...2800,CD14+ Monocytes_2,
...2801,CD14+ Monocytes_2,
...2802,CD14+ Monocytes_2,
...2803,CD14+ Monocytes_2,
...2804,CD14+ Monocytes_2,
...2805,CD14+ Monocytes_2,
...2806,CD14+ Monocytes_2,
...2807,CD14+ Monocytes_2,
...2808,CD14+ Monocytes_2,
...2809,CD14+ Monocytes_2,
...2810,CD14+ Monocytes_2,
...2811,CD14+ Monocytes_2,
...2812,CD14+ Monocytes_2,
...2813,CD14+ Monocytes_2,
...2814,CD14+ Monocytes_2,
...2815,CD14+ Monocytes_2,
...2816,CD14+ Monocytes_2,
...2817,CD14+ Monocytes_2,
...2818,CD14+ Monocytes_2,
...2819,CD14+ Monocytes_2,
...2820,CD14+ Monocytes_2,
...2821,CD14+ Monocytes_2,
...2822,CD14+ Monocytes_2,
...2823,CD14+ Monocytes_2,
...2824,CD14+ Monocytes_2,
...2825,CD14+ Monocytes_2,
...2826,CD14+ Monocytes_2,
...2827,CD14+ Monocytes_2,
...2828,CD14+ Monocytes_2,
...2829,CD14+ Monocytes_2,
...2830,CD14+ Monocytes_2,
...2831,CD14+ Monocytes_2,
...2832,CD14+ Monocytes_2,
...2833,CD14+ Monocytes_2,
...2834,CD14+ Monocytes_2,
...2835,CD14+ Monocytes_2,
...2836,CD14+ Monocytes_2,
...2837,CD14+ Monocytes_2,
...2838,CD14+ Monocytes_2,
...2839,CD14+ Monocytes_2,
...2840,CD14+ Monocytes_2,
...2841,CD14+ Monocytes_2,
...2842,CD14+ Monocytes_2,
...2843,CD14+ Monocytes_2,
...2844,CD14+ Monocytes_2,
...2845,CD14+ Monocytes_2,
...2846,CD14+ Monocytes_2,
...2847,CD14+ Monocytes_2,
...2848,CD14+ Monocytes_2,
...2849,CD14+ Monocytes_2,
...2850,CD14+ Monocytes_2,
...2851,CD14+ Monocytes_2,
...2852,CD14+ Monocytes_2,
...2853,CD14+ Monocytes_2,
...2854,CD14+ Monocytes_2,
...2855,CD14+ Monocytes_2,
...2856,CD14+ Monocytes_2,
...2857,CD14+ Monocytes_2,
...2858,CD14+ Monocytes_2,
...2859,CD14+ Monocytes_2,
...2860,CD14+ Monocytes_2,
...2861,CD14+ Monocytes_2,
...2862,CD14+ Monocytes_2,
...2863,CD14+ Monocytes_2,
...2864,CD14+ Monocytes_2,
...2865,CD14+ Monocytes_2,
...2866,CD14+ Monocytes_2,
...2867,CD14+ Monocytes_2,
...2868,CD14+ Monocytes_2,
...2869,CD14+ Monocytes_2,
...2870,CD14+ Monocytes_2,
...2871,CD14+ Monocytes_2,
...2872,CD14+ Monocytes_2,
...2873,CD14+ Monocytes_2,
...2874,CD14+ Monocytes_2,
...2875,CD14+ Monocytes_2,
...2876,CD14+ Monocytes_2,
...2877,CD14+ Monocytes_2,
...2878,CD14+ Monocytes_2,
...2879,CD14+ Monocytes_2,
...2880,CD14+ Monocytes_2,
...2881,CD14+ Monocytes_2,
...2882,CD14+ Monocytes_2,
...2883,CD14+ Monocytes_2,
...2884,CD14+ Monocytes_2,
...2885,CD14+ Monocytes_2,
...2886,CD14+ Monocytes_2,
...2887,CD14+ Monocytes_2,
...2888,CD14+ Monocytes_2,
...2889,CD14+ Monocytes_2,
...2890,CD14+ Monocytes_2,
...2891,CD14+ Monocytes_2,
...2892,CD14+ Monocytes_2,
...2893,CD14+ Monocytes_2,
...2894,CD14+ Monocytes_2,
...2895,CD14+ Monocytes_2,
...2896,CD14+ Monocytes_2,
...2897,CD14+ Monocytes_2,
...2898,CD14+ Monocytes_2,
...2899,CD14+ Monocytes_2,
...2900,CD14+ Monocytes_2,
...2901,CD14+ Monocytes_2,
...2902,CD14+ Monocytes_2,
...2903,CD14+ Monocytes_2,
...2904,CD14+ Monocytes_2,
...2905,CD14+ Monocytes_2,
...2906,CD14+ Monocytes_2,
...2907,CD14+ Monocytes_2,
...2908,CD14+ Monocytes_2,
...2909,CD14+ Monocytes_2,
...2910,CD14+ Monocytes_2,
...2911,CD14+ Monocytes_2,
...2912,CD14+ Monocytes_2,
...2913,CD14+ Monocytes_2,
...2914,CD14+ Monocytes_2,
...2915,CD14+ Monocytes_2,
...2916,CD14+ Monocytes_2,
...2917,CD14+ Monocytes_2,
...2918,CD14+ Monocytes_2,
...2919,CD14+ Monocytes_2,
...2920,CD14+ Monocytes_2,
...2921,CD14+ Monocytes_2,
...2922,CD14+ Monocytes_2,
...2923,CD14+ Monocytes_2,
...2924,CD14+ Monocytes_2,
...2925,CD14+ Monocytes_2,
...2926,CD14+ Monocytes_2,
...2927,CD14+ Monocytes_2,
...2928,CD14+ Monocytes_2,
...2929,CD14+ Monocytes_2,
...2930,CD14+ Monocytes_2,
...2931,CD14+ Monocytes_2,
...2932,CD14+ Monocytes_2,
...2933,CD14+ Monocytes_2,
...2934,CD14+ Monocytes_2,
...2935,CD14+ Monocytes_2,
...2936,CD14+ Monocytes_2,
...2937,CD14+ Monocytes_2,
...2938,CD14+ Monocytes_2,
...2939,CD14+ Monocytes_2,
...2940,CD14+ Monocytes_2,
...2941,CD14+ Monocytes_2,
...2942,CD14+ Monocytes_2,
...2943,CD14+ Monocytes_2,
...2944,CD14+ Monocytes_2,
...2945,CD14+ Monocytes_2,
...2946,CD14+ Monocytes_2,
...2947,CD14+ Monocytes_2,
...2948,CD14+ Monocytes_2,
...2949,CD14+ Monocytes_2,
...2950,CD14+ Monocytes_2,
...2951,CD14+ Monocytes_2,
...2952,CD14+ Monocytes_2,
...2953,CD14+ Monocytes_2,
...2954,CD14+ Monocytes_2,
...2955,CD14+ Monocytes_2,
...2956,CD14+ Monocytes_2,
...2957,CD14+ Monocytes_2,
...2958,CD14+ Monocytes_2,
...2959,CD14+ Monocytes_2,
...2960,CD14+ Monocytes_2,
...2961,CD14+ Monocytes_2,
...2962,CD14+ Monocytes_2,
...2963,CD14+ Monocytes_2,
...2964,CD14+ Monocytes_2,
...2965,CD14+ Monocytes_2,
...2966,CD14+ Monocytes_2,
...2967,CD14+ Monocytes_2,
...2968,CD14+ Monocytes_2,
...2969,CD14+ Monocytes_2,
...2970,CD14+ Monocytes_2,
...2971,CD14+ Monocytes_2,
...2972,CD14+ Monocytes_2,
...2973,CD14+ Monocytes_2,
...2974,CD14+ Monocytes_2,
...2975,CD14+ Monocytes_2,
...2976,CD14+ Monocytes_2,
...2977,CD14+ Monocytes_2,
...2978,CD14+ Monocytes_2,
...2979,CD14+ Monocytes_2,
...2980,CD14+ Monocytes_2,
...2981,CD14+ Monocytes_2,
...2982,CD14+ Monocytes_2,
...2983,CD14+ Monocytes_2,
...2984,CD14+ Monocytes_2,
...2985,CD14+ Monocytes_2,
...2986,CD14+ Monocytes_2,
...2987,CD14+ Monocytes_2,
...2988,CD14+ Monocytes_2,
...2989,CD14+ Monocytes_2,
...2990,CD14+ Monocytes_2,
...2991,CD14+ Monocytes_2,
...2992,CD14+ Monocytes_2,
...2993,CD14+ Monocytes_2,
...2994,CD14+ Monocytes_2,
...2995,CD14+ Monocytes_2,
...2996,CD14+ Monocytes_2,
...2997,CD14+ Monocytes_2,
...2998,CD14+ Monocytes_2,
...2999,CD14+ Monocytes_2,
...3000,CD14+ Monocytes_2,
